ステートID,人形,位置,行動,向き,場面
0,0,0,0,0,黒
1,0,0,0,0,黒
2,0,0,0,0,黒
3,0,0,0,0,黒
4,0,0,0,0,黒
5,0,0,0,0,黒
6,0,0,0,0,黒
7,0,0,0,0,黒
8,0,0,0,0,黒
9,0,0,0,0,黒
10,0,0,0,0,黒
11,0,0,0,0,黒
12,0,0,0,0,黒
13,0,0,0,0,黒
14,0,0,0,0,黒
15,0,0,0,0,黒
16,0,0,0,0,黒
0,10,2,1,1,草原
1,26,0,0,0,草原
2,27,0,0,0,草原
3,0,0,0,0,草原
4,0,0,0,0,草原
5,20,1,1,1,草原
6,0,0,0,0,草原
7,0,0,0,0,草原
8,0,0,0,0,草原
9,0,0,0,0,草原
10,15,0,0,0,草原
11,30,2,1,1,草原
12,0,0,0,0,草原
13,0,0,0,0,草原
14,21,2,0,3,草原
15,0,0,0,0,草原
16,100,1,1,1,草原歩く
17,0,0,0,0,草原
18,0,0,0,0,草原
19,0,0,0,0,草原
20,0,0,0,0,草原
21,0,0,0,0,草原
22,0,0,0,0,草原
23,0,0,0,0,草原
24,0,0,0,0,草原
25,3,2,0,3,草原
26,0,0,0,0,草原
27,0,0,0,0,草原
28,0,0,0,0,草原
29,0,0,0,0,草原
30,0,0,0,0,草原
31,0,0,0,0,草原
32,58,2,0,0,草原
33,0,0,0,0,草原
34,0,0,0,0,草原
35,0,0,0,0,草原
36,0,0,0,0,草原
37,0,0,0,0,草原
38,0,0,0,0,草原
39,0,0,0,0,草原
40,0,0,0,0,草原
41,0,0,0,0,草原
42,0,0,0,0,草原
43,62,2,0,2,草原
44,0,0,0,0,草原
45,0,0,0,0,草原
46,0,0,0,0,草原
47,0,0,0,0,草原
48,0,0,0,0,草原
49,107,0,3,1,草原終
50,0,0,0,0,草原
51,0,0,0,0,草原
52,0,0,0,0,草原
53,0,0,0,0,草原
54,0,0,0,0,草原
55,0,0,0,0,草原
56,0,0,0,0,草原
57,0,0,0,0,草原
58,0,0,0,0,草原
59,0,0,0,0,草原
60,0,0,0,0,草原
61,0,0,0,0,草原
62,0,0,0,0,草原
63,0,0,0,0,草原
64,0,0,0,0,草原
65,0,0,0,0,草原
66,0,0,0,0,草原
67,0,0,0,0,草原
68,0,0,0,0,草原
69,0,0,0,0,草原
0,38,0,1,1,霧の湖
1,16,2,0,0,霧の湖
2,39,0,1,1,霧の湖
3,0,0,0,0,霧の湖
4,40,0,0,2,霧の湖
5,0,0,0,0,霧の湖
6,0,0,0,0,霧の湖
7,0,0,0,0,霧の湖
8,41,0,3,0,霧の湖
9,0,0,0,0,霧の湖
10,0,0,0,0,霧の湖
11,0,0,0,0,霧の湖
12,0,0,0,0,霧の湖
13,42,0,0,0,霧の湖
14,0,0,0,0,霧の湖
15,0,0,0,0,霧の湖
16,0,0,0,0,霧の湖
17,0,0,0,0,霧の湖
18,0,0,0,0,霧の湖
19,0,0,0,0,霧の湖
20,0,0,0,0,霧の湖
21,0,0,0,0,霧の湖
22,43,0,0,0,霧の湖
23,0,0,0,0,霧の湖
24,104,2,1,1,霧の湖歩く
25,0,0,0,0,霧の湖
26,0,0,0,0,霧の湖
27,0,0,0,0,霧の湖
28,0,0,0,0,霧の湖
29,0,0,0,0,霧の湖
30,0,0,0,0,霧の湖
31,44,0,0,1,霧の湖
32,45,0,3,0,霧の湖
33,0,0,0,0,霧の湖
34,0,0,0,0,霧の湖
35,0,0,0,0,霧の湖
36,0,0,0,0,霧の湖
37,0,0,0,0,霧の湖
38,0,0,0,0,霧の湖
39,0,0,0,0,霧の湖
40,0,0,0,0,霧の湖
41,0,0,0,0,霧の湖
42,0,0,0,0,霧の湖
43,0,0,0,0,霧の湖
44,46,0,0,0,霧の湖
45,0,0,0,0,霧の湖
46,0,0,0,0,霧の湖
47,0,0,0,0,霧の湖
48,0,0,0,0,霧の湖
49,0,0,0,0,霧の湖
50,0,0,0,0,霧の湖
51,0,0,0,0,霧の湖
52,0,0,0,0,霧の湖
53,0,0,0,0,霧の湖
54,0,0,0,0,霧の湖
55,0,0,0,0,霧の湖
56,0,0,0,0,霧の湖
57,0,0,0,0,霧の湖
58,50,0,0,1,霧の湖
59,51,0,0,0,霧の湖
60,49,0,0,2,霧の湖
61,0,0,0,0,霧の湖
62,0,0,0,0,霧の湖
63,0,0,0,0,霧の湖
64,0,0,0,0,霧の湖
65,0,0,0,0,霧の湖
66,0,0,0,0,霧の湖
67,0,0,0,0,霧の湖
68,0,0,0,0,霧の湖
69,0,0,0,0,霧の湖
70,0,0,0,0,霧の湖
71,0,0,0,0,霧の湖
72,99,2,0,3,霧の湖
73,0,0,0,0,霧の湖
74,0,0,0,0,霧の湖
75,0,0,0,0,霧の湖
76,0,0,0,0,霧の湖
77,0,0,0,0,霧の湖
78,0,0,0,0,霧の湖
79,101,2,0,0,霧の湖
80,0,0,0,0,霧の湖
81,0,0,0,0,霧の湖
82,0,0,0,0,霧の湖
83,116,2,0,3,霧の湖終
84,0,0,0,0,霧の湖
85,0,0,0,0,霧の湖
86,0,0,0,0,霧の湖
87,0,0,0,0,霧の湖
88,0,0,0,0,霧の湖
89,0,0,0,0,霧の湖
90,0,0,0,0,霧の湖
91,0,0,0,0,霧の湖
92,0,0,0,0,霧の湖
93,0,0,0,0,霧の湖
94,0,0,0,0,霧の湖
95,0,0,0,0,霧の湖
96,0,0,0,0,霧の湖
97,0,0,0,0,霧の湖
98,0,0,0,0,霧の湖
99,0,0,0,0,霧の湖
100,0,0,0,0,霧の湖
101,0,0,0,0,霧の湖
102,0,0,0,0,霧の湖
103,0,0,0,0,霧の湖
0,18,0,1,1,玄武の沢
1,59,0,3,1,玄武の沢
2,19,0,1,1,玄武の沢
3,0,0,0,0,玄武の沢
4,0,0,0,0,玄武の沢
5,0,0,0,0,玄武の沢
6,0,0,0,0,玄武の沢
7,0,0,0,0,玄武の沢
8,0,0,0,0,玄武の沢
9,80,2,0,0,玄武の沢
10,81,2,0,0,玄武の沢
11,0,0,0,0,玄武の沢
12,0,0,0,0,玄武の沢
13,0,0,0,0,玄武の沢
14,0,0,0,0,玄武の沢
15,0,0,0,0,玄武の沢
16,0,0,0,0,玄武の沢
17,0,0,0,0,玄武の沢
18,82,0,4,0,玄武の沢
19,0,0,0,0,玄武の沢
20,0,0,0,0,玄武の沢
21,0,0,0,0,玄武の沢
22,0,0,0,0,玄武の沢
23,0,0,0,0,玄武の沢
24,0,0,0,0,玄武の沢
25,0,0,0,0,玄武の沢
26,0,0,0,0,玄武の沢
27,83,0,0,0,玄武の沢
28,0,0,0,0,玄武の沢
29,105,2,1,1,玄武の沢歩く
30,0,0,0,0,玄武の沢
31,0,0,0,0,玄武の沢
32,0,0,0,0,玄武の沢
33,0,0,0,0,玄武の沢
34,84,0,2,1,玄武の沢
35,0,0,0,0,玄武の沢
36,0,0,0,0,玄武の沢
37,0,0,0,0,玄武の沢
38,0,0,0,0,玄武の沢
39,0,0,0,0,玄武の沢
40,0,0,0,0,玄武の沢
41,0,0,0,0,玄武の沢
42,0,0,0,0,玄武の沢
43,0,0,0,0,玄武の沢
44,0,0,0,0,玄武の沢
45,0,0,0,0,玄武の沢
46,86,0,0,0,玄武の沢
47,85,0,0,0,玄武の沢
48,87,0,0,0,玄武の沢
49,0,0,0,0,玄武の沢
50,0,0,0,0,玄武の沢
51,0,0,0,0,玄武の沢
52,0,0,0,0,玄武の沢
53,0,0,0,0,玄武の沢
54,0,0,0,0,玄武の沢
55,0,0,0,0,玄武の沢
56,0,0,0,0,玄武の沢
57,0,0,0,0,玄武の沢
58,0,0,0,0,玄武の沢
59,88,2,0,1,玄武の沢
60,89,2,0,3,玄武の沢
61,0,0,0,0,玄武の沢
62,0,0,0,0,玄武の沢
63,0,0,0,0,玄武の沢
64,0,0,0,0,玄武の沢
65,0,0,0,0,玄武の沢
66,0,0,0,0,玄武の沢
67,0,0,0,0,玄武の沢
68,0,0,0,0,玄武の沢
69,0,0,0,0,玄武の沢
70,0,0,0,0,玄武の沢
71,0,0,0,0,玄武の沢
72,0,0,0,0,玄武の沢
73,0,0,0,0,玄武の沢
74,108,0,0,1,玄武の沢
75,109,0,3,2,玄武の沢
76,0,0,0,0,玄武の沢
77,0,0,0,0,玄武の沢
78,0,0,0,0,玄武の沢
79,0,0,0,0,玄武の沢
80,0,0,0,0,玄武の沢
81,0,0,0,0,玄武の沢
82,0,0,0,0,玄武の沢
83,0,0,0,0,玄武の沢
84,0,0,0,0,玄武の沢
85,113,0,0,0,玄武の沢
86,0,0,0,0,玄武の沢
87,0,0,0,0,玄武の沢
88,0,0,0,0,玄武の沢
89,0,0,0,0,玄武の沢
90,0,0,0,0,玄武の沢
91,0,0,0,0,玄武の沢
92,0,0,0,0,玄武の沢
93,0,0,0,0,玄武の沢
94,0,0,0,0,玄武の沢
95,0,0,0,0,玄武の沢
96,0,0,0,0,玄武の沢
97,0,0,0,0,玄武の沢
98,0,0,0,0,玄武の沢
99,0,0,0,0,玄武の沢
100,0,0,0,0,玄武の沢
101,127,2,0,3,玄武の沢終
102,0,0,0,0,玄武の沢
103,0,0,0,0,玄武の沢
104,0,0,0,0,玄武の沢
105,0,0,0,0,玄武の沢
106,0,0,0,0,玄武の沢
107,0,0,0,0,玄武の沢
108,0,0,0,0,玄武の沢
109,0,0,0,0,玄武の沢
110,0,0,0,0,玄武の沢
111,0,0,0,0,玄武の沢
112,0,0,0,0,玄武の沢
113,0,0,0,0,玄武の沢
114,0,0,0,0,玄武の沢
115,0,0,0,0,玄武の沢
116,0,0,0,0,玄武の沢
117,0,0,0,0,玄武の沢
118,0,0,0,0,玄武の沢
119,0,0,0,0,玄武の沢
120,0,0,0,0,玄武の沢
121,0,0,0,0,玄武の沢
0,2,0,1,1,森
1,17,0,0,0,森
2,0,0,0,0,森
3,0,0,0,0,森
4,0,0,0,0,森
5,0,0,0,0,森
6,0,0,0,0,森
7,31,0,2,1,森
8,0,0,0,0,森
9,0,0,0,0,森
10,0,0,0,0,森
11,63,0,1,1,森
12,0,0,0,0,森
13,37,0,0,0,森
14,0,0,0,0,森歩く
15,0,0,0,0,森
16,0,0,0,0,森
17,0,0,0,0,森
18,0,0,0,0,森
19,61,0,0,1,森
20,0,0,0,0,森
21,0,0,0,0,森
22,0,0,0,0,森
23,0,0,0,0,森
24,0,0,0,0,森
25,60,0,0,2,森
26,0,0,0,0,森
27,0,0,0,0,森
28,0,0,0,0,森
29,64,0,0,2,森
30,0,0,0,0,森
31,0,0,0,0,森
32,0,0,0,0,森
33,0,0,0,0,森
34,0,0,0,0,森
35,65,0,0,1,森
36,0,0,0,0,森
37,0,0,0,0,森
38,0,0,0,0,森
39,0,0,0,0,森
40,67,0,3,1,森
41,66,0,3,2,森
42,0,0,0,0,森終
43,0,0,0,0,森
44,0,0,0,0,森
45,0,0,0,0,森
46,0,0,0,0,森
47,0,0,0,0,森
48,0,0,0,0,森
49,0,0,0,0,森
50,0,0,0,0,森
51,0,0,0,0,森
52,0,0,0,0,森
53,0,0,0,0,森
54,0,0,0,0,森
55,0,0,0,0,森
56,0,0,0,0,森
57,0,0,0,0,森
58,0,0,0,0,森
59,0,0,0,0,森
60,0,0,0,0,森
61,0,0,0,0,森
62,0,0,0,0,森
0,4,1,0,0,灼熱地獄
1,5,2,0,0,灼熱地獄
2,0,0,0,0,灼熱地獄
3,7,1,1,1,灼熱地獄
4,0,0,0,0,灼熱地獄
5,0,0,0,0,灼熱地獄
6,0,0,0,0,灼熱地獄
7,0,0,0,0,灼熱地獄
8,6,0,0,0,灼熱地獄
9,8,1,0,0,灼熱地獄
10,0,0,0,0,灼熱地獄
11,0,0,0,0,灼熱地獄
12,0,0,0,0,灼熱地獄
13,0,0,0,0,灼熱地獄
14,0,0,0,0,灼熱地獄
15,0,0,0,0,灼熱地獄
16,9,1,0,1,灼熱地獄
17,0,0,0,0,灼熱地獄
18,0,0,0,0,灼熱地獄
19,0,0,0,0,灼熱地獄
20,0,0,0,0,灼熱地獄
21,29,2,0,2,灼熱地獄
22,0,0,0,0,灼熱地獄
23,0,0,0,0,灼熱地獄
24,90,1,1,1,灼熱地獄
25,97,2,1,1,灼熱地獄歩く
26,0,0,0,0,灼熱地獄
27,0,0,0,0,灼熱地獄
28,68,0,0,2,灼熱地獄
29,0,0,0,0,灼熱地獄
30,0,0,0,0,灼熱地獄
31,0,0,0,0,灼熱地獄
32,0,0,0,0,灼熱地獄
33,91,0,3,0,灼熱地獄
34,0,0,0,0,灼熱地獄
35,0,0,0,0,灼熱地獄
36,0,0,0,0,灼熱地獄
37,0,0,0,0,灼熱地獄
38,0,0,0,0,灼熱地獄
39,92,2,0,3,灼熱地獄
40,0,0,0,0,灼熱地獄
41,0,0,0,0,灼熱地獄
42,0,0,0,0,灼熱地獄
43,0,0,0,0,灼熱地獄
44,0,0,0,0,灼熱地獄
45,0,0,0,0,灼熱地獄
46,93,0,0,0,灼熱地獄
47,0,0,0,0,灼熱地獄
48,0,0,0,0,灼熱地獄
49,0,0,0,0,灼熱地獄
50,0,0,0,0,灼熱地獄
51,0,0,0,0,灼熱地獄
52,0,0,0,0,灼熱地獄
53,0,0,0,0,灼熱地獄
54,94,0,0,1,灼熱地獄
55,0,0,0,0,灼熱地獄
56,0,0,0,0,灼熱地獄
57,0,0,0,0,灼熱地獄
58,0,0,0,0,灼熱地獄
59,0,0,0,0,灼熱地獄
60,0,0,0,0,灼熱地獄
61,0,0,0,0,灼熱地獄
62,95,2,0,3,灼熱地獄
63,0,0,0,0,灼熱地獄
64,0,0,0,0,灼熱地獄
65,0,0,0,0,灼熱地獄
66,0,0,0,0,灼熱地獄
67,0,0,0,0,灼熱地獄
68,96,0,3,0,灼熱地獄
69,0,0,0,0,灼熱地獄
70,0,0,0,0,灼熱地獄
71,0,0,0,0,灼熱地獄
72,0,0,0,0,灼熱地獄
73,0,0,0,0,灼熱地獄
74,0,0,0,0,灼熱地獄
75,0,0,0,0,灼熱地獄
76,0,0,0,0,灼熱地獄
77,0,0,0,0,灼熱地獄
78,0,0,0,0,灼熱地獄
79,0,0,0,0,灼熱地獄
80,0,0,0,0,灼熱地獄
81,129,0,0,0,灼熱地獄
82,130,0,0,0,灼熱地獄
83,131,0,0,0,灼熱地獄
84,0,0,0,0,灼熱地獄終
85,0,0,0,0,灼熱地獄
86,0,0,0,0,灼熱地獄
87,0,0,0,0,灼熱地獄
88,0,0,0,0,灼熱地獄
89,0,0,0,0,灼熱地獄
90,0,0,0,0,灼熱地獄
91,0,0,0,0,灼熱地獄
92,0,0,0,0,灼熱地獄
93,0,0,0,0,灼熱地獄
94,0,0,0,0,灼熱地獄
95,0,0,0,0,灼熱地獄
96,0,0,0,0,灼熱地獄
97,0,0,0,0,灼熱地獄
98,0,0,0,0,灼熱地獄
99,0,0,0,0,灼熱地獄
100,0,0,0,0,灼熱地獄
101,0,0,0,0,灼熱地獄
102,0,0,0,0,灼熱地獄
103,0,0,0,0,灼熱地獄
104,0,0,0,0,灼熱地獄
0,22,0,0,1,鈴蘭畑
1,0,0,0,0,鈴蘭畑
2,0,0,0,0,鈴蘭畑
3,0,0,0,0,鈴蘭畑
4,110,0,1,1,鈴蘭畑
5,23,0,0,1,鈴蘭畑
6,111,0,1,1,鈴蘭畑
7,0,0,0,0,鈴蘭畑
8,112,0,1,1,鈴蘭畑
9,0,0,0,0,鈴蘭畑
10,0,0,0,0,鈴蘭畑
11,25,0,0,0,鈴蘭畑
12,0,0,0,0,鈴蘭畑
13,0,0,0,0,鈴蘭畑
14,0,0,0,0,鈴蘭畑
15,0,0,0,0,鈴蘭畑
16,0,0,0,0,鈴蘭畑
17,52,0,0,1,鈴蘭畑
18,0,0,0,0,鈴蘭畑歩く
19,0,0,0,0,鈴蘭畑
20,0,0,0,0,鈴蘭畑
21,0,0,0,0,鈴蘭畑
22,53,0,0,0,鈴蘭畑
23,0,0,0,0,鈴蘭畑
24,0,0,0,0,鈴蘭畑
25,0,0,0,0,鈴蘭畑
26,55,0,0,0,鈴蘭畑
27,0,0,0,0,鈴蘭畑
28,0,0,0,0,鈴蘭畑
29,0,0,0,0,鈴蘭畑
30,0,0,0,0,鈴蘭畑
31,0,0,0,0,鈴蘭畑
32,0,0,0,0,鈴蘭畑
33,56,2,0,3,鈴蘭畑
34,57,2,0,3,鈴蘭畑
35,0,0,0,0,鈴蘭畑
36,0,0,0,0,鈴蘭畑
37,0,0,0,0,鈴蘭畑
38,0,0,0,0,鈴蘭畑
39,0,0,0,0,鈴蘭畑
40,0,0,0,0,鈴蘭畑
41,0,0,0,0,鈴蘭畑
42,0,0,0,0,鈴蘭畑
43,0,0,0,0,鈴蘭畑
44,0,0,0,0,鈴蘭畑
45,0,0,0,0,鈴蘭畑
46,72,0,3,0,鈴蘭畑
47,0,0,0,0,鈴蘭畑
48,0,0,0,0,鈴蘭畑
49,0,0,0,0,鈴蘭畑
50,0,0,0,0,鈴蘭畑
51,0,0,0,0,鈴蘭畑
52,73,2,2,1,鈴蘭畑
53,0,0,0,0,鈴蘭畑
54,0,0,0,0,鈴蘭畑
55,0,0,0,0,鈴蘭畑
56,75,0,0,1,鈴蘭畑
57,74,0,0,2,鈴蘭畑
58,0,0,0,0,鈴蘭畑終
59,0,0,0,0,鈴蘭畑
60,0,0,0,0,鈴蘭畑
61,0,0,0,0,鈴蘭畑
62,0,0,0,0,鈴蘭畑
63,0,0,0,0,鈴蘭畑
64,0,0,0,0,鈴蘭畑
65,0,0,0,0,鈴蘭畑
66,0,0,0,0,鈴蘭畑
67,0,0,0,0,鈴蘭畑
68,0,0,0,0,鈴蘭畑
69,0,0,0,0,鈴蘭畑
70,0,0,0,0,鈴蘭畑
71,0,0,0,0,鈴蘭畑
72,0,0,0,0,鈴蘭畑
73,0,0,0,0,鈴蘭畑
74,0,0,0,0,鈴蘭畑
75,0,0,0,0,鈴蘭畑
76,0,0,0,0,鈴蘭畑
77,0,0,0,0,鈴蘭畑
78,0,0,0,0,鈴蘭畑
0,69,0,1,1,草原
1,125,0,0,0,草原
2,70,0,1,1,草原
3,0,0,0,0,草原
4,71,0,1,1,草原
5,0,0,0,0,草原
6,0,0,0,0,草原
7,0,0,0,0,草原
8,0,0,0,0,草原
9,33,0,0,0,草原
10,32,0,0,2,草原
11,0,0,0,0,草原
12,0,0,0,0,草原
13,0,0,0,0,草原
14,0,0,0,0,草原
15,126,0,0,0,草原
16,0,0,0,0,草原
17,117,1,1,1,草原
18,0,0,0,0,草原
19,0,0,0,0,草原
20,0,0,0,0,草原
21,0,0,0,0,草原
22,0,0,0,0,草原
23,118,0,3,0,草原
24,0,0,0,0,草原
25,0,0,0,0,草原
26,0,0,0,0,草原
27,0,0,0,0,草原
28,106,0,1,1,草原
29,0,0,0,0,草原
30,0,0,0,0,草原
31,0,0,0,0,草原
32,119,0,0,0,草原
33,120,0,0,0,草原
34,0,0,0,0,草原
35,0,0,0,0,草原
36,0,0,0,0,草原
37,1,0,1,1,草原
38,0,0,0,0,草原
39,124,0,3,0,草原
40,0,0,0,0,草原
41,0,0,0,0,草原
42,0,0,0,0,草原
43,123,2,1,1,草原
44,0,0,0,0,草原
45,0,0,0,0,草原
46,0,0,0,0,草原
47,0,0,0,0,草原
48,35,0,0,0,草原
49,36,0,0,0,草原
50,79,2,1,1,草原
51,0,0,0,0,草原歩く
52,0,0,0,0,草原
53,0,0,0,0,草原
54,0,0,0,0,草原
55,0,0,0,0,草原
56,0,0,0,0,草原
57,47,2,0,3,草原
58,54,2,0,3,草原
59,0,0,0,0,草原
60,0,0,0,0,草原
61,0,0,0,0,草原
62,0,0,0,0,草原
63,48,0,3,0,草原
64,0,0,0,0,草原
65,0,0,0,0,草原
66,0,0,0,0,草原
67,0,0,0,0,草原
68,0,0,0,0,草原
69,0,0,0,0,草原
70,98,0,0,0,草原
71,0,0,0,0,草原
72,0,0,0,0,草原
73,0,0,0,0,草原
74,0,0,0,0,草原
75,0,0,0,0,草原
76,102,0,0,2,草原
77,0,0,0,0,草原
78,0,0,0,0,草原
79,0,0,0,0,草原
80,0,0,0,0,草原
81,0,0,0,0,草原
82,0,0,0,0,草原
83,0,0,0,0,草原
84,103,0,0,0,草原
85,0,0,0,0,草原
86,0,0,0,0,草原
87,0,0,0,0,草原
88,0,0,0,0,草原
89,0,0,0,0,草原
90,115,0,4,0,草原
91,0,0,0,0,草原
92,0,0,0,0,草原
93,0,0,0,0,草原
94,0,0,0,0,草原
95,121,2,0,3,草原
96,122,2,0,2,草原
97,0,0,0,0,草原
98,0,0,0,0,草原
99,0,0,0,0,草原
100,0,0,0,0,草原
101,0,0,0,0,草原
102,14,2,3,0,草原
103,0,0,0,0,草原
104,0,0,0,0,草原
105,0,0,0,0,草原
106,0,0,0,0,草原
107,0,0,0,0,草原
108,128,0,0,0,草原
109,0,0,0,0,草原
110,0,0,0,0,草原
111,0,0,0,0,草原
112,0,0,0,0,草原
113,0,0,0,0,草原
114,0,0,0,0,草原
115,77,0,0,0,草原
116,0,0,0,0,草原
117,0,0,0,0,草原
118,0,0,0,0,草原
119,0,0,0,0,草原
120,0,0,0,0,草原
121,0,0,0,0,草原
122,0,0,0,0,草原
123,78,0,0,0,草原
124,0,0,0,0,草原
125,0,0,0,0,草原
126,0,0,0,0,草原
127,12,0,0,2,草原
128,0,0,0,0,草原
129,0,0,0,0,草原
130,0,0,0,0,草原
131,0,0,0,0,草原
132,76,2,3,3,草原
133,114,2,3,3,草原
134,0,0,0,0,草原
135,0,0,0,0,草原
136,0,0,0,0,草原
137,0,0,0,0,草原
138,0,0,0,0,草原
139,0,0,0,0,草原
140,0,0,0,0,草原
141,0,0,0,0,草原
142,0,0,0,0,草原
143,0,0,0,0,草原
144,0,0,0,0,草原
145,0,0,0,0,草原
146,0,0,0,0,草原
147,0,0,0,0,草原
148,0,0,0,0,草原
149,0,0,0,0,草原
150,0,0,0,0,草原
151,0,0,0,0,草原
152,0,0,0,0,草原
153,0,0,0,0,草原
154,0,0,0,0,草原
155,0,0,0,0,草原
156,0,0,0,0,草原
157,0,0,0,0,草原
158,0,0,0,0,草原終
159,0,0,0,0,草原
160,0,0,0,0,草原
161,0,0,0,0,草原
162,0,0,0,0,草原
163,0,0,0,0,草原
164,0,0,0,0,草原
165,0,0,0,0,草原
166,0,0,0,0,草原
167,0,0,0,0,草原
168,0,0,0,0,草原
169,0,0,0,0,草原
170,0,0,0,0,草原
171,0,0,0,0,草原
172,0,0,0,0,草原
173,0,0,0,0,草原
174,0,0,0,0,草原
175,0,0,0,0,草原
176,0,0,0,0,草原
177,0,0,0,0,草原
178,0,0,0,0,草原
179,0,0,0,0,草原
180,0,0,0,0,草原
181,0,0,0,0,草原
182,0,0,0,0,草原
183,0,0,0,0,草原
184,0,0,0,0,草原
185,0,0,0,0,草原
186,0,0,0,0,草原
187,0,0,0,0,草原
188,0,0,0,0,草原終
189,0,0,0,0,草原
190,0,0,0,0,草原
191,0,0,0,0,草原
192,0,0,0,0,草原
193,0,0,0,0,草原
194,0,0,0,0,草原
195,0,0,0,0,草原
196,0,0,0,0,草原
197,0,0,0,0,草原
198,0,0,0,0,草原
199,0,0,0,0,草原
200,0,0,0,0,草原
201,0,0,0,0,草原
202,0,0,0,0,草原
203,0,0,0,0,草原
204,0,0,0,0,草原
205,0,0,0,0,草原
206,0,0,0,0,草原
207,0,0,0,0,草原
208,0,0,0,0,草原
769,0,0,0,0,終2
770,0,0,0,0,終2
771,0,0,0,0,終2
772,0,0,0,0,終2
773,0,0,0,0,終2
774,0,0,0,0,終2
775,0,0,0,0,終2
776,0,0,0,0,終2
777,0,0,0,0,終2
778,0,0,0,0,終2
779,0,0,0,0,終2
780,0,0,0,0,終2
781,0,0,0,0,終2
782,0,0,0,0,終2
783,0,0,0,0,終2
784,0,0,0,0,終2
785,0,0,0,0,終2
786,0,0,0,0,終3
787,0,0,0,0,終3
788,0,0,0,0,終3
789,0,0,0,0,終3
790,0,0,0,0,終3
791,0,0,0,0,終3
792,0,0,0,0,終3
793,0,0,0,0,終3
794,0,0,0,0,終3
795,0,0,0,0,終3
796,0,0,0,0,終3
797,0,0,0,0,終3
798,0,0,0,0,終3
799,0,0,0,0,終3
800,0,0,0,0,終3
801,0,0,0,0,終3
802,0,0,0,0,終4
803,0,0,0,0,終4
804,0,0,0,0,終4
805,0,0,0,0,終4
806,0,0,0,0,終4
807,0,0,0,0,終4
808,0,0,0,0,終4
809,0,0,0,0,終4
810,0,0,0,0,終4
811,0,0,0,0,終4
812,0,0,0,0,終4
813,0,0,0,0,終4
814,0,0,0,0,終4
815,0,0,0,0,終4
816,0,0,0,0,終4
817,0,0,0,0,終4
818,0,0,0,0,終4
819,0,0,0,0,終4
820,0,0,0,0,終4
821,0,0,0,0,終4
822,0,0,0,0,終4
823,0,0,0,0,終4
824,0,0,0,0,終4
825,0,0,0,0,終4
826,0,0,0,0,終4
827,0,0,0,0,終4
828,0,0,0,0,終4
829,0,0,0,0,終4
830,0,0,0,0,終4
831,0,0,0,0,終4
832,0,0,0,0,終4
833,0,0,0,0,終4
834,0,0,0,0,終4
835,0,0,0,0,終4
836,0,0,0,0,終4
837,0,0,0,0,終4
838,0,0,0,0,終4
839,0,0,0,0,終4
840,0,0,0,0,終4
841,0,0,0,0,終4
842,0,0,0,0,END
843,0,0,0,0,END
844,0,0,0,0,END
845,0,0,0,0,END
846,0,0,0,0,END
847,0,0,0,0,END
848,0,0,0,0,END
849,0,0,0,0,END
850,0,0,0,0,END
851,0,0,0,0,END
852,0,0,0,0,END
853,0,0,0,0,END
854,0,0,0,0,END
855,0,0,0,0,END
856,0,0,0,0,END
857,0,0,0,0,END
858,0,0,0,0,END
859,0,0,0,0,END
860,0,0,0,0,END
861,0,0,0,0,END
862,0,0,0,0,END
863,0,0,0,0,END
864,0,0,0,0,END
865,0,0,0,0,END
866,0,0,0,0,END
867,0,0,0,0,END
868,0,0,0,0,END
869,0,0,0,0,END
870,0,0,0,0,END
871,0,0,0,0,END
872,0,0,0,0,END
873,0,0,0,0,END
874,0,0,0,0,END
875,0,0,0,0,END
876,0,0,0,0,END
877,0,0,0,0,END
878,0,0,0,0,END
879,0,0,0,0,END
880,0,0,0,0,END
881,0,0,0,0,END
882,0,0,0,0,END
883,0,0,0,0,END
884,0,0,0,0,END
885,0,0,0,0,END
886,0,0,0,0,END
887,0,0,0,0,END
888,0,0,0,0,END
889,0,0,0,0,END
890,0,0,0,0,END
891,0,0,0,0,END
892,0,0,0,0,END
893,0,0,0,0,END
894,0,0,0,0,END
895,0,0,0,0,END
896,0,0,0,0,END
897,0,0,0,0,END
898,0,0,0,0,END
899,0,0,0,0,END
900,0,0,0,0,END
901,0,0,0,0,END
902,0,0,0,0,END
903,0,0,0,0,END
904,0,0,0,0,END
905,0,0,0,0,END
906,0,0,0,0,END
907,0,0,0,0,END
908,0,0,0,0,END
909,0,0,0,0,END
910,0,0,0,0,END
911,0,0,0,0,END
912,0,0,0,0,END
913,0,0,0,0,END
914,0,0,0,0,END
915,0,0,0,0,END
916,0,0,0,0,END
917,0,0,0,0,END
918,0,0,0,0,END
919,0,0,0,0,END
920,0,0,0,0,END
921,0,0,0,0,END
922,0,0,0,0,END
923,0,0,0,0,END
924,0,0,0,0,END
925,0,0,0,0,END
926,0,0,0,0,END
927,0,0,0,0,END
928,0,0,0,0,END
929,0,0,0,0,END
930,0,0,0,0,END
931,0,0,0,0,END
932,0,0,0,0,END
933,0,0,0,0,END
934,0,0,0,0,END
935,0,0,0,0,END
936,0,0,0,0,END
937,0,0,0,0,END
938,0,0,0,0,END
939,0,0,0,0,END
940,0,0,0,0,END
941,0,0,0,0,END
942,0,0,0,0,END
943,0,0,0,0,END
944,0,0,0,0,END
945,0,0,0,0,END
946,0,0,0,0,END
947,0,0,0,0,END
948,0,0,0,0,END
949,0,0,0,0,END
950,0,0,0,0,END
951,0,0,0,0,END
952,0,0,0,0,END
953,0,0,0,0,END
954,0,0,0,0,END
955,0,0,0,0,END
956,0,0,0,0,END
957,0,0,0,0,END
958,0,0,0,0,END
959,0,0,0,0,END
960,0,0,0,0,END
961,0,0,0,0,END
962,0,0,0,0,END
963,0,0,0,0,END
964,0,0,0,0,END
965,0,0,0,0,END
966,0,0,0,0,END
967,0,0,0,0,END
968,0,0,0,0,END
969,0,0,0,0,END
970,0,0,0,0,END
971,0,0,0,0,END
972,0,0,0,0,END
973,0,0,0,0,END
974,0,0,0,0,END
975,0,0,0,0,END
976,0,0,0,0,END
977,0,0,0,0,END
978,0,0,0,0,END
979,0,0,0,0,END
980,0,0,0,0,END
981,0,0,0,0,END
982,0,0,0,0,END
983,0,0,0,0,END
984,0,0,0,0,END
985,0,0,0,0,END
986,0,0,0,0,END
987,0,0,0,0,END
988,0,0,0,0,END
989,0,0,0,0,END
990,0,0,0,0,END
991,0,0,0,0,END
992,0,0,0,0,END
993,0,0,0,0,END
994,0,0,0,0,END
995,0,0,0,0,END
996,0,0,0,0,END
997,0,0,0,0,END
998,0,0,0,0,END
999,0,0,0,0,END
1000,0,0,0,0,END
1001,0,0,0,0,END
1002,0,0,0,0,END
1003,0,0,0,0,END
1004,0,0,0,0,END
1005,0,0,0,0,END
1006,0,0,0,0,END
1007,0,0,0,0,END
1008,0,0,0,0,END
1009,0,0,0,0,END
1010,0,0,0,0,END
1011,0,0,0,0,END
1012,0,0,0,0,END
1013,0,0,0,0,END
1014,0,0,0,0,END
1015,0,0,0,0,END
1016,0,0,0,0,END
1017,0,0,0,0,END
1018,0,0,0,0,END
1019,0,0,0,0,END
1020,0,0,0,0,END
1021,0,0,0,0,END
1022,0,0,0,0,END
1023,0,0,0,0,END
1024,0,0,0,0,END
1025,0,0,0,0,END
1026,0,0,0,0,END
1027,0,0,0,0,END
1028,0,0,0,0,END
1029,0,0,0,0,END
1030,0,0,0,0,END
1031,0,0,0,0,END
1032,0,0,0,0,END
1033,0,0,0,0,END
1034,0,0,0,0,END
1035,0,0,0,0,END
1036,0,0,0,0,END
1037,0,0,0,0,END
1038,0,0,0,0,END
1039,0,0,0,0,END
1040,0,0,0,0,END
1041,0,0,0,0,END
1042,0,0,0,0,END
1043,0,0,0,0,END
1044,0,0,0,0,END
1045,0,0,0,0,END
1046,0,0,0,0,END
1047,0,0,0,0,END
1048,0,0,0,0,END
1049,0,0,0,0,END
1050,0,0,0,0,END
1051,0,0,0,0,END
1052,0,0,0,0,END
1053,0,0,0,0,END
1054,0,0,0,0,END
1055,0,0,0,0,END
1056,0,0,0,0,END
1057,0,0,0,0,END
1058,0,0,0,0,END
1059,0,0,0,0,END
1060,0,0,0,0,END
1061,0,0,0,0,END
1062,0,0,0,0,END
1063,0,0,0,0,END
1064,0,0,0,0,END
1065,0,0,0,0,END
1066,0,0,0,0,END
1067,0,0,0,0,END
1068,0,0,0,0,END
1069,0,0,0,0,END
1070,0,0,0,0,END
1071,0,0,0,0,END
1072,0,0,0,0,END
1073,0,0,0,0,END
1074,0,0,0,0,END
1075,0,0,0,0,END
1076,0,0,0,0,END
1077,0,0,0,0,END
1078,0,0,0,0,END
1079,0,0,0,0,END
1080,0,0,0,0,END
1081,0,0,0,0,END
1082,0,0,0,0,END
1083,0,0,0,0,END
1084,0,0,0,0,END
1085,0,0,0,0,END
1086,0,0,0,0,END
1087,0,0,0,0,END
1088,0,0,0,0,END
1089,0,0,0,0,END
1090,0,0,0,0,END
1091,0,0,0,0,END
1092,0,0,0,0,END
1093,0,0,0,0,END
1094,0,0,0,0,END
1095,0,0,0,0,END
1096,0,0,0,0,END
1097,0,0,0,0,END
1098,0,0,0,0,END
1099,0,0,0,0,END
1100,0,0,0,0,END
1101,0,0,0,0,END
1102,0,0,0,0,END
1103,0,0,0,0,END
1104,0,0,0,0,END
1105,0,0,0,0,END
1106,0,0,0,0,END
1107,0,0,0,0,END
1108,0,0,0,0,END
1109,0,0,0,0,END
1110,0,0,0,0,END
1111,0,0,0,0,END
1112,0,0,0,0,END
1113,0,0,0,0,END
1114,0,0,0,0,END
1115,0,0,0,0,END
1116,0,0,0,0,END
1117,0,0,0,0,END
1118,0,0,0,0,END
1119,0,0,0,0,END
1120,0,0,0,0,END
1121,0,0,0,0,END
1122,0,0,0,0,END
1123,0,0,0,0,END
1124,0,0,0,0,END
1125,0,0,0,0,END
1126,0,0,0,0,END
1127,0,0,0,0,END
1128,0,0,0,0,END
1129,0,0,0,0,END
1130,0,0,0,0,END
1131,0,0,0,0,END
1132,0,0,0,0,END
1133,0,0,0,0,END
1134,0,0,0,0,END
1135,0,0,0,0,END
1136,0,0,0,0,END
1137,0,0,0,0,END
1138,0,0,0,0,END
1139,0,0,0,0,END
1140,0,0,0,0,END
1141,0,0,0,0,END
1142,0,0,0,0,END
1143,0,0,0,0,END
1144,0,0,0,0,END
1145,0,0,0,0,END
1146,0,0,0,0,END
1147,0,0,0,0,END
1148,0,0,0,0,END
1149,0,0,0,0,END
1150,0,0,0,0,END
1151,0,0,0,0,END
1152,0,0,0,0,END
1153,0,0,0,0,END
1154,0,0,0,0,END
1155,0,0,0,0,END
1156,0,0,0,0,END
1157,0,0,0,0,END
1158,0,0,0,0,END
1159,0,0,0,0,END
1160,0,0,0,0,END
1161,0,0,0,0,END
1162,0,0,0,0,END
1163,0,0,0,0,END
1164,0,0,0,0,END
1165,0,0,0,0,END
1166,0,0,0,0,END
1167,0,0,0,0,END
1168,0,0,0,0,END
1169,0,0,0,0,END
1170,0,0,0,0,END
1171,0,0,0,0,END
1172,0,0,0,0,END
1173,0,0,0,0,END
1174,0,0,0,0,END
1175,0,0,0,0,END
1176,0,0,0,0,END
1177,0,0,0,0,END
1178,0,0,0,0,END
1179,0,0,0,0,END
1180,0,0,0,0,END
1181,0,0,0,0,END
1182,0,0,0,0,END
1183,0,0,0,0,END
1184,0,0,0,0,END
1185,0,0,0,0,END
1186,0,0,0,0,END
1187,0,0,0,0,END
1188,0,0,0,0,END
1189,0,0,0,0,END
1190,0,0,0,0,END
1191,0,0,0,0,END
1192,0,0,0,0,END
1193,0,0,0,0,END
1194,0,0,0,0,END
1195,0,0,0,0,END
1196,0,0,0,0,END
1197,0,0,0,0,END
1198,0,0,0,0,END
1199,0,0,0,0,END
1200,0,0,0,0,END
1201,0,0,0,0,END
1202,0,0,0,0,END
1203,0,0,0,0,END
1204,0,0,0,0,END
1205,0,0,0,0,END
1206,0,0,0,0,END
1207,0,0,0,0,END
1208,0,0,0,0,END
1209,0,0,0,0,END
1210,0,0,0,0,END
1211,0,0,0,0,END
1212,0,0,0,0,END
1213,0,0,0,0,END
1214,0,0,0,0,END
1215,0,0,0,0,END
1216,0,0,0,0,END
1217,0,0,0,0,END
1218,0,0,0,0,END
1219,0,0,0,0,END
1220,0,0,0,0,END
1221,0,0,0,0,END
1222,0,0,0,0,END
1223,0,0,0,0,END
1224,0,0,0,0,END
1225,0,0,0,0,END
1226,0,0,0,0,END
1227,0,0,0,0,END
1228,0,0,0,0,END
1229,0,0,0,0,END
1230,0,0,0,0,END
1231,0,0,0,0,END
1232,0,0,0,0,END
1233,0,0,0,0,END
1234,0,0,0,0,END
1235,0,0,0,0,END
1236,0,0,0,0,END
1237,0,0,0,0,END
1238,0,0,0,0,END
1239,0,0,0,0,END
1240,0,0,0,0,END
1241,0,0,0,0,END
1242,0,0,0,0,END
1243,0,0,0,0,END
1244,0,0,0,0,END
1245,0,0,0,0,END
1246,0,0,0,0,END
1247,0,0,0,0,END
1248,0,0,0,0,END
1249,0,0,0,0,END
1250,0,0,0,0,END
1251,0,0,0,0,END
1252,0,0,0,0,END
1253,0,0,0,0,END
1254,0,0,0,0,END
1255,0,0,0,0,END
1256,0,0,0,0,END
1257,0,0,0,0,END
1258,0,0,0,0,END
1259,0,0,0,0,END
1260,0,0,0,0,END
1261,0,0,0,0,END
1262,0,0,0,0,END
1263,0,0,0,0,END
1264,0,0,0,0,END
1265,0,0,0,0,END
1266,0,0,0,0,END
1267,0,0,0,0,END
1268,0,0,0,0,END
1269,0,0,0,0,END
1270,0,0,0,0,END
1271,0,0,0,0,END
1272,0,0,0,0,END
1273,0,0,0,0,END
1274,0,0,0,0,END
1275,0,0,0,0,END
1276,0,0,0,0,END
1277,0,0,0,0,END
1278,0,0,0,0,END
1279,0,0,0,0,END
1280,0,0,0,0,END
