ÉAÉCÉeÉÄID,ñºèÃ,ílíi,ÉWÉÉÉìÉã,êÌì¨,í èÌ,éÃÇƒÇÈ,ëïè¸,ì]ê∂,ÉXÉLÉãID,óéÇ∆ÇπÇÈ,ê‡ñæï∂ÅB
0,Nothing,0,255,0,0,0,0,0,0,1,NULLÅB
1,Item001,0,255,0,0,1,0,0,0,1,ItemÇOÇOÇPÅB
2,Item002,0,255,0,0,1,0,0,0,1,ItemÇOÇOÇQÅB
3,Item003,0,255,0,0,1,0,0,0,1,ItemÇOÇOÇRÅB
4,Item004,0,255,0,0,1,0,0,0,1,ItemÇOÇOÇSÅB
5,Item005,0,255,0,0,1,0,0,0,1,ItemÇOÇOÇTÅB
6,Item006,0,255,0,0,1,0,0,0,1,ItemÇOÇOÇUÅB
7,Item007,0,255,0,0,1,0,0,0,1,ItemÇOÇOÇVÅB
8,Item008,0,255,0,0,1,0,0,0,1,ItemÇOÇOÇWÅB
9,Item009,0,255,0,0,1,0,0,0,1,ItemÇOÇOÇXÅB
10,Bead Necklace,100,0,0,1,1,0,0,0,1,Disposable prayer beads. Will repel Puppets for up to 100 steps.
11,Talisman,200,0,0,1,1,0,0,0,1,Disposable talismans. Will repel Puppets for up to 200 steps.
12,Magatama,300,0,0,1,1,0,0,0,1,Disposable magatama. Will repel Puppets for up to 300 steps.
13,Item013,0,255,0,0,1,0,0,0,1,ItemÇOÇPÇRÅB
14,Item014,0,255,0,0,1,0,0,0,1,ItemÇOÇPÇSÅB
15,Item015,0,255,0,0,1,0,0,0,1,ItemÇOÇPÇTÅB
16,Copper Coin,400,0,0,0,1,0,0,0,1,Cannot be used as currency in the outside world. Sells cheaply.
17,Watch,400,0,0,0,1,0,0,0,1,A device for telling time that drifted in from the outside world. Sells cheaply.
18,Item018,0,255,0,0,1,0,0,0,1,ItemÇOÇPÇWÅB
19,Item019,0,255,0,0,1,0,0,0,1,ItemÇOÇPÇXÅB
20,Gold Dust,1000,0,0,0,1,0,0,0,1,Solid gold that's been turned to dust. Sells at a reasonable price. Currently unpossessed by evil spirits.
21,Pearl,1000,0,0,0,1,0,0,0,1,A piece of white jewelry. Sells at a reasonable price.
22,Item022,0,255,0,0,1,0,0,0,1,ItemÇOÇQÇQÅB
23,Item023,0,255,0,0,1,0,0,0,1,ItemÇOÇQÇRÅB
24,Mushroom Powder,3000,0,0,0,1,0,0,0,1,What it's actually used for is unclear. Sells for a respectable price. Handle with care.
25,Grimoire,3000,0,0,0,1,0,0,0,1,It is unknown who wrote this. Sells for a respectable price.
26,Handheld Console,6000,0,0,0,0,0,0,0,1,A gaming device that folds closed.
27,Handheld Console,6000,0,0,0,1,0,0,0,1,A gaming device that folds closed. Unlikely to be useful in Gensokyo so I'll sell it and buy a new one later.
28,Silver Coin,10000,0,0,0,1,0,0,0,1,Cannot be used as currency in the outside world. Sells at a high price.
29,Vintage Wine,10000,0,0,0,1,0,0,0,1,Antique wine. Sells at a high price.
30,Item030,0,255,0,0,1,0,0,0,1,ItemÇOÇRÇOÅB
31,Item031,0,255,0,0,1,0,0,0,1,ItemÇOÇRÇPÅB
32,Gold Coin,20000,0,0,0,1,0,0,0,1,Can not be used as currency. Sells at a very high price.
33,Magic Crystal,20000,0,0,0,1,0,0,0,1,Remnants of magic that became crystallized after long periods of time. Sells at a very high price.
34,Item034,0,255,0,0,1,0,0,0,1,ItemÇOÇRÇSÅB
35,Item035,0,255,0,0,1,0,0,0,1,ItemÇOÇRÇTÅB
36,Item036,0,255,0,0,1,0,0,0,1,ItemÇOÇRÇUÅB
37,Magical Fragment,400,0,0,0,1,0,0,0,1,Pieces of crystallized magic. These might be useful if I hold onto them.
39,Item038,0,255,0,0,1,0,0,0,1,ItemÇOÇRÇWÅB
39,Item039,0,255,0,0,1,0,0,0,1,ItemÇOÇRÇXÅB
40,Item040,0,255,0,0,1,0,0,0,1,ItemÇOÇSÇOÅB
41,Item041,0,255,0,0,1,0,0,0,1,ItemÇOÇSÇPÅB
42,Reincarnation Items,0,0,0,0,1,0,0,0,1,ItemÇOÇSÇQÅB
43,Red Mark,0,0,0,0,0,0,1,0,1,A Red Seal. When used in the Reincarnation process it gives your Puppets the Red Mark.
44,Blue Mark,0,0,0,0,0,0,1,0,1,A Blue Seal. When used in the Reincarnation process it gives your Puppets the Blue Mark.
45,Black Mark,0,0,0,0,0,0,1,0,1,A Black Seal. When used in the Reincarnation process it gives your Puppets the Black Mark.
46,White Mark,0,0,0,0,0,0,1,0,1,A White Seal. When used in the Reincarnation process it gives your Puppets the White Mark.
47,Green Mark,0,0,0,0,0,0,1,0,1,A Green Seal. When used in the Reincarnation process it gives your Puppets the Green Mark.
48,Item048,0,255,0,0,1,0,0,0,1,ItemÇOÇSÇWÅB
49,Omega M.Stone,0,0,0,0,0,0,2,0,1,A mysterious magic stone. When used in Reincarnation it holds all the Puppet's ranks.
50,Gold M.Stone,0,0,0,0,0,0,2,0,1,A mysterious magic stone. When used in Reincarnation it holds the Puppet's HP rank.
51,Red M.Stone,0,0,0,0,0,0,2,0,1,A mysterious magic stone. When used in Reincarnation it holds the Puppet's FoAtk rank.
52,Blue M.Stone,0,0,0,0,0,0,2,0,1,A mysterious magic stone. When used in Reincarnation it holds the Puppet's FoDef rank.
53,Black M.Stone,0,0,0,0,0,0,2,0,1,A mysterious magic stone. When used in Reincarnation it holds the Puppet's SpAtk rank.
54,White M.Stone,0,0,0,0,0,0,2,0,1,A mysterious magic stone. When used in Reincarnation it holds the Puppet's SpDef rank.
55,Green M.Stone,0,0,0,0,0,0,2,0,1,A mysterious magic stone. When used in Reincarnation it holds the Puppet's Speed rank.
56,Rainbow M.Stone,0,0,0,0,0,0,2,0,1,A mysterious magic stone. When used in Reincarnation it ups random additional ranks being passed.
57,Item057,0,255,0,0,1,0,0,0,1,ItemÇOÇTÇVÅB
58,Item058,0,255,0,0,1,0,0,0,1,ItemÇOÇTÇWÅB
59,B.Dream Pill,1000,0,0,0,1,0,0,0,1,If the normal butterfly dream pills are unsatisfactory, this nightmare-type is for you.
60,Item060,0,255,0,0,1,0,0,0,1,ItemÇOÇUÇOÅB
61,Item061,0,255,0,0,1,0,0,0,1,ItemÇOÇUÇPÅB
62,Item062,0,255,0,0,1,0,0,0,1,ItemÇOÇUÇQÅB
63,Item063,0,255,0,0,1,0,0,0,1,ItemÇOÇUÇRÅB
64,Item064,0,255,0,0,1,0,0,0,1,ItemÇOÇUÇSÅB
65,Item065,0,255,1,1,1,0,0,0,1,ItemÇOÇUÇTÅB
66,Item066,0,255,1,1,1,0,0,0,1,ItemÇOÇUÇUÅB
67,Item067,0,255,1,1,1,0,0,0,1,ItemÇOÇUÇVÅB
68,Item068,0,255,1,1,1,0,0,0,1,ItemÇOÇUÇWÅB
69,Item069,0,255,1,1,1,0,0,0,1,ItemÇOÇUÇXÅB
70,Item070,0,255,1,1,1,0,0,0,1,ItemÇOÇVÇOÅB
71,Fujiwara Senbei,300,1,1,1,1,0,0,0,1,A hard rice cracker baked in bamboo charcoal. Heals 20 HP.
72,Hakugyou Dango,500,1,1,1,1,0,0,0,1,A dumpling autographed by the mistress of Hakugyokurou. Heals 50 HP.
73,Chirei Sweet Bun,700,1,1,1,1,0,0,0,1,Popular steamed bun souvenir. Heals 100 HP.
74,Misty Jelly,1200,1,1,1,1,0,0,0,1,Moderately sweet bean jelly. Heals 200 HP.
75,Dessert of the Sun,2500,1,1,1,1,0,0,0,1,A jam with a generous helping of fruit. Fully heals HP.
76,Bhava-Agra Set,3000,1,1,1,1,0,0,0,1,Assortment of peaches from Heaven. Fully restores a Puppet's HP and removes status effects.
77,Moriya Shinshu,1500,1,1,1,1,0,0,0,1,Sacred sake used for spiritual rites at the Moriya Shrine. Restores a fainted Puppet to half HP.
78,Hakurei Shinshu,4000,1,1,1,1,0,0,0,1,Sacred sake used for spiritual rites at the Hakurei Shrine. Restores a fainted Puppet to full HP.
79,Myouren Tea,600,1,1,1,1,0,0,0,1,Tea brewed by a nun of Myouren Temple. Granting one a relaxed sensation it recovers status ailments.
80,Item080,0,255,1,1,1,0,0,0,1,ItemÇOÇWÇOÅB
81,Item081,0,255,1,1,1,0,0,0,1,ItemÇOÇWÇPÅB
82,Item082,0,255,1,1,1,0,0,0,1,ItemÇOÇWÇQÅB
83,Item083,0,255,1,1,1,0,0,0,1,ItemÇOÇWÇRÅB
84,Junmai Sake,1200,255,1,1,1,0,0,0,1,Recovers 10 SP to one Skill of an individual Puppet. Unimplimented.
85,Honjouzou Sake,2000,255,1,1,1,0,0,0,1,Restores full SP to one skill of an individual Puppet. Unimplimented.
86,Ginjou Sake,3000,255,1,1,1,0,0,0,1,Recovers 10 SP to all Skills of an individual Puppet. Unimplimented.
87,Daiginjou Sake,4500,255,1,1,1,0,0,0,1,Restores full SP to all skills of an individual Puppet. Unimplimented.
88,Item088,0,255,1,1,1,0,0,0,1,ItemÇOÇWÇWÅB
89,Item089,0,255,1,1,1,0,0,0,1,ItemÇOÇWÇXÅB
90,Item090,0,255,1,1,1,0,0,0,1,ItemÇOÇXÇOÅB
91,Item091,0,255,1,1,1,0,0,0,1,ItemÇOÇXÇPÅB
92,Rainbow Candy,4800,1,0,1,1,0,0,0,1,Candy in the seven colors of the rainbow. Raises an individual Puppet's level by 1.
93,Clear Stream Mochi,10000,1,0,1,1,0,0,0,1,Light and transparent mochi. Resets PP in an allocated stat.
94,Item094,0,255,1,1,1,0,0,0,1,ItemÇOÇXÇSÅB
95,Item095,0,255,1,1,1,0,0,0,1,ItemÇOÇXÇTÅB
96,Item096,0,255,1,1,1,0,0,0,1,ItemÇOÇXÇUÅB
97,Item097,0,255,1,1,1,0,0,0,1,ItemÇOÇXÇVÅB
98,Item098,0,255,1,1,1,0,0,0,1,ItemÇOÇXÇWÅB
99,Item099,0,255,1,1,1,0,0,0,1,ItemÇOÇXÇXÅB
100,Item100,0,255,1,1,1,0,0,0,1,ItemÇPÇOÇOÅB
101,Item101,0,255,1,1,1,0,0,0,1,ItemÇPÇOÇPÅB
102,Item102,0,255,1,1,1,0,0,0,1,ItemÇPÇOÇQÅB
103,Item103,0,255,1,1,1,0,0,0,1,ItemÇPÇOÇRÅB
104,Item104,0,255,1,1,1,0,0,0,1,ItemÇPÇOÇSÅB
105,Item105,0,255,1,1,1,0,0,0,1,ItemÇPÇOÇTÅB
106,Item106,0,255,1,1,1,0,0,0,1,ItemÇPÇOÇUÅB
107,Item107,0,255,1,1,1,0,0,0,1,ItemÇPÇOÇVÅB
108,Item108,0,255,1,1,1,0,0,0,1,ItemÇPÇOÇWÅB
109,Item109,0,255,1,1,1,0,0,0,1,ItemÇPÇOÇXÅB
110,Item110,0,255,1,1,1,0,0,0,1,ItemÇPÇPÇOÅB
111,Item111,0,255,1,1,1,0,0,0,1,ItemÇPÇPÇPÅB
112,Item112,0,255,1,1,1,0,0,0,1,ItemÇPÇPÇQÅB
113,Item113,0,255,1,1,1,0,0,0,1,ItemÇPÇPÇRÅB
114,Item114,0,255,1,1,1,0,0,0,1,ItemÇPÇPÇSÅB
115,Item115,0,255,1,1,1,0,0,0,1,ItemÇPÇPÇTÅB
116,Item116,0,255,1,1,1,0,0,0,1,ItemÇPÇPÇUÅB
117,Item117,0,255,1,1,1,0,0,0,1,ItemÇPÇPÇVÅB
118,Item118,0,255,1,1,1,0,0,0,1,ItemÇPÇPÇWÅB
119,Item119,0,255,1,1,1,0,0,0,1,ItemÇPÇPÇXÅB
120,Item120,0,255,1,1,1,0,0,0,1,ItemÇPÇQÇOÅB
121,Item121,0,255,1,1,1,0,0,0,1,ItemÇPÇQÇPÅB
122,Item122,0,255,1,1,1,0,0,0,1,ItemÇPÇQÇQÅB
123,Item123,0,255,1,1,1,0,0,0,1,ItemÇPÇQÇRÅB
124,Item124,0,255,1,1,1,0,0,0,1,ItemÇPÇQÇSÅB
125,Item125,0,255,1,1,1,0,0,0,1,ItemÇPÇQÇTÅB
126,Item126,0,255,1,1,1,0,0,0,1,ItemÇPÇQÇUÅB
127,Item127,0,255,1,1,1,0,0,0,1,ItemÇPÇQÇVÅB
128,Item128,0,255,1,1,1,0,0,0,1,ItemÇPÇQÇWÅB
129,Item129,0,255,0,0,1,1,0,0,1,ItemÇPÇQÇXÅB
130,Item130,0,255,0,0,1,1,0,0,1,ItemÇPÇRÇOÅB
131,Item131,20,255,0,0,1,1,0,0,1,êlå`Ç…éùÇΩÇπÇÈÇ∆ñ≥ëÆê´ÇÃÉXÉLÉãÇÃà–óÕÇé„ÇﬂÇÈÅB ñ¢é¿ëïÅB
132,Anti-Fire Charm,15000,2,0,0,1,1,0,0,1,When held, damage dealt from Fire-skills will be reduced once.
133,Anti-Aqua Charm,15000,2,0,0,1,1,0,0,1,When held, damage dealt from Water-skills will be reduced once.
134,Anti-Flora Charm,15000,2,0,0,1,1,0,0,1,When held, damage dealt from Nature-skills will be reduced once.
135,Anti-Earth Charm,15000,2,0,0,1,1,0,0,1,When held, damage dealt from Earth-skills will be reduced once.
136,Anti-Steel Charm,15000,2,0,0,1,1,0,0,1,When held, damage dealt from Steel-skills will be reduced once.
137,Anti-Wind Charm,15000,2,0,0,1,1,0,0,1,When held, damage dealt from Wind-skills will be reduced once.
138,Anti-Bolt Charm,15000,2,0,0,1,1,0,0,1,When held, damage dealt from Electric-skills will be reduced once.
139,Anti-Light Charm,15000,2,0,0,1,1,0,0,1,When held, damage dealt from Light-skills will be reduced once.
140,Anti-Dark Charm,15000,2,0,0,1,1,0,0,1,When held, damage dealt from Dark-skills will be reduced once.
141,Anti-Necro Charm,15000,2,0,0,1,1,0,0,1,When held, damage dealt from Nether-skills will be reduced once.
142,Anti-Toxin Charm,15000,2,0,0,1,1,0,0,1,When held, damage dealt from Poison-skills will be reduced once.
143,Anti-Fight Charm,15000,2,0,0,1,1,0,0,1,When held, damage dealt from Fighting-skills will be reduced once.
144,Anti-Veil Charm,15000,2,0,0,1,1,0,0,1,When held, damage dealt from Illusion-skills will be reduced once.
145,Anti-Sound Charm,15000,2,0,0,1,1,0,0,1,When held, damage dealt from Sound-skills will be reduced once.
146,Anti-Warp Charm,15000,2,0,0,1,1,0,0,1,When held, damage dealt from Warped-skills will be reduced once.
147,Item147,0,255,0,0,1,1,0,0,1,ItemÇPÇSÇVÅB
148,Wedge Charm,50000,2,0,0,1,1,0,0,1,In a pinch, this will raise the Puppet's FoAtk stat.
149,Column Charm,50000,2,0,0,1,1,0,0,1,In a pinch, this will raise the Puppet's FoDef stat.
150,Vee Charm,50000,2,0,0,1,1,0,0,1,In a pinch, this will raise the Puppet's SpAtk stat.
151,Hexagon Charm,50000,2,0,0,1,1,0,0,1,In a pinch, this will raise the Puppet's SpDef stat.
152,Skirmisher Charm,50000,2,0,0,1,1,0,0,1,In a pinch, this will raise the Puppet's Speed stat.
153,Blitz Charm,50000,2,0,0,1,1,0,0,1,In a pinch, this will raise the Puppet's Critical Hit rate.
154,Rotation Charm,50000,2,0,0,1,1,0,0,1,In a pinch, this will sharply raise one random stat.
155,Pinpoint Charm,50000,2,0,0,1,1,0,0,1,In a pinch, this will raise the Puppet's Accuracy stat.
156,Echelon Charm,50000,2,0,0,1,1,0,0,1,In a pinch, this will raise the Puppet's Evasion stat.
157,Item157,0,255,0,0,1,1,0,0,1,ItemÇPÇTÇVÅB
158,Item158,0,255,0,0,1,1,0,0,1,ItemÇPÇTÇWÅB
159,Item159,0,255,0,0,1,1,0,0,1,ItemÇPÇTÇXÅB
160,Swift Charm,15000,255,0,0,1,1,0,0,1,In a pinch, this will allow the Puppet to move before the other party. Unimplimented.
161,Life Charm,50000,2,0,0,1,1,0,0,1,When held, a Puppet it will gradually restore HP.
162,Item162,0,255,0,0,1,1,0,0,1,ItemÇPÇUÇQÅB
163,Item163,0,255,0,0,1,1,0,0,1,ItemÇPÇUÇRÅB
164,Item164,0,255,0,0,1,1,0,0,1,ItemÇPÇUÇSÅB
165,Curing Charm,50000,2,0,0,1,1,0,0,1,When held, it can recover from all ailments.
166,Massage Charm,20000,2,0,0,1,1,0,0,1,When held, it can recover from Paralysis.
167,Awakening Charm,20000,2,0,0,1,1,0,0,1,When held, it can recover from Stop.
168,Antidote Charm,20000,2,0,0,1,1,0,0,1,When held, it can recover from Poison.
169,Ointment Charm,20000,2,0,0,1,1,0,0,1,When held, it can recover from Burn.
170,Light Charm,20000,2,0,0,1,1,0,0,1,When held, it can recover from Darkness.
171,Relief Charm,20000,2,0,0,1,1,0,0,1,When held, it can recover from Fear.
172,Courage Charm,20000,2,0,0,1,1,0,0,1,When held, it can recover from Weakness.
173,Clarity Charm,20000,2,0,0,1,1,0,0,1,When held, it can recover from confusion.
174,Item174,0,255,0,0,1,1,0,0,1,ItemÇPÇVÇSÅB
175,Item175,0,255,0,0,1,1,0,0,1,ItemÇPÇVÇTÅB
176,Item176,0,255,0,0,1,1,0,0,1,ItemÇPÇVÇUÅB
177,Dispel Charm,50000,2,0,0,1,1,0,0,1,When held, if the user becomes unable to use skills, the status is healed once.
178,Item178,0,255,0,0,1,1,0,0,1,ItemÇPÇVÇWÅB
179,Item179,0,255,0,0,1,1,0,0,1,ItemÇPÇVÇXÅB
180,Healing Charm,1500,2,0,0,1,1,0,0,1,When held, it can recover 20 HP.
181,Restart Charm,20,255,0,0,1,1,0,0,1,When held by a Puppet, it can recover 10 SP. Unimplimented.
182,Item182,0,255,0,0,1,1,0,0,1,ItemÇPÇWÇQÅB
183,Item183,0,255,0,0,1,1,0,0,1,ItemÇPÇWÇRÅB
184,Thorn Charm,50000,2,0,0,1,1,0,0,1,When held, if attacked by a foe with a FoAtk, some damage will be dealt back.
185,Reflect Charm,20,255,0,0,1,1,0,0,1,When held, if attacked by a foe with a SpAtk, some damage will be dealt back.
186,Item186,0,255,0,0,1,1,0,0,1,ItemÇPÇWÇUÅB
187,Item187,0,255,0,0,1,1,0,0,1,ItemÇPÇWÇVÅB
188,Item188,0,255,0,0,1,1,0,0,1,ItemÇPÇWÇWÅB
189,Purify Charm,100000,2,0,0,1,1,0,0,1,When held, if the holder's stats are lowered, the lowered stats will be reverted.
190,Haste Charm,100000,2,0,0,1,1,0,0,1,When held, skills that take two turns to use only take one.
191,Item191,0,255,0,0,1,1,0,0,1,ItemÇPÇXÇPÅB
192,Item192,0,255,0,0,1,1,0,0,1,ItemÇPÇXÇQÅB
193,Item193,0,255,0,0,1,1,0,0,1,ItemÇPÇXÇRÅB
194,Eviction Notice,250000,2,0,0,1,1,0,0,1,The attacker will switch places with another Puppet in their party after the holder has been attacked.
195,Retreat Manual,250000,2,0,0,1,1,0,0,1,The defender will switch places with another Puppet in their party after the holder has been attacked.
196,Item196,0,255,0,0,1,1,0,0,1,ItemÇPÇXÇUÅB
197,Item197,0,255,0,0,1,1,0,0,1,ItemÇPÇXÇVÅB
198,Black Choker,250000,2,0,0,1,1,0,0,1,When held, a Puppet can withstand one skill that would otherwise KO them.
199,Item199,0,255,0,0,1,1,0,0,1,ItemÇPÇXÇXÅB
200,Item200,0,255,0,0,1,1,0,0,1,ItemÇQÇOÇOÅB
201,Diamond,25000,2,0,0,1,1,0,0,1,Clear jewelry. Raises the power of Void skills once.
202,Ruby,25000,2,0,0,1,1,0,0,1,Red jewelry. Raises the power of Fire skills once.
203,Sapphire,25000,2,0,0,1,1,0,0,1,Light blue jewelry. Raises the power of Water skills once.
204,Emerald,25000,2,0,0,1,1,0,0,1,Dark green jewelry. Raises the power of Nature skills once.
205,Tiger Eye,25000,2,0,0,1,1,0,0,1,Brown jewelry. Raises the power of Earth skills once.
206,Hematite,25000,2,0,0,1,1,0,0,1,Gray jewelry. Raises the power of Steel skills once.
207,Jade,25000,2,0,0,1,1,0,0,1,Jade jewelry. Raises the power of Wind skills once.
208,Topaz,25000,2,0,0,1,1,0,0,1,Yellow jewelry. Raises the power of Electric skills once.
209,Opal,25000,2,0,0,1,1,0,0,1,Rainbow jewelry. Raises the power of Light skills once.
210,Obsidian,25000,2,0,0,1,1,0,0,1,Black jewelry. Raises the power of Dark skills once.
211,Sugilite,25000,2,0,0,1,1,0,0,1,Dark purple jewelry. Raises the power of Nether skills once.
212,Amethyst,25000,2,0,0,1,1,0,0,1,Purple jewelry. Raises the power of Poison skills once.
213,Amber,25000,2,0,0,1,1,0,0,1,Orange jewelry. Raises the power of Fighting skills once.
214,Morganite,25000,2,0,0,1,1,0,0,1,Peony-colored jewelry. Raises the power of Illusion skills once.
215,Onyx,25000,2,0,0,1,1,0,0,1,Striped jewelry. Raises the power of Sound skills once.
216,Lapis Lazuli,25000,2,0,0,1,1,0,0,1,Ultramarine jewelry. Raises the power of Warped skills once.
217,Item217,0,255,0,0,1,1,0,0,1,ItemÇQÇPÇVÅB
218,Item218,0,255,0,0,1,1,0,0,1,ItemÇQÇPÇWÅB
219,Floating Stone,120000,2,0,0,1,1,0,0,1,Makes the holder immune to Earth skills but will crumble if hit by a Non-Earth skills.
220,Rebellion Tome,250000,2,0,0,1,1,0,0,1,When held, if the user receives a barrier-piercing attack, FoAtk and SpAtk sharply raise.
221,Cursed Sutra,0,255,0,0,1,1,0,0,1,éùÇΩÇπÇÈÇ∆É^Å[ÉìÇÃèIÇÌÇËÇ…ÉAÉrÉäÉeÉBÇé∏Ç§ÅBñ¢é¿ëï
222,Bronze Mirror,120000,2,0,0,1,1,0,0,1,When the opposing Puppet's stats are changed the Puppet holding this will reflect the same stat changes.
223,Item223,0,255,0,0,1,1,0,0,1,ItemÇQÇQÇRÅB
224,Gold Talisman,250000,2,0,0,1,1,0,0,1,When held, if the user receives a Fo.Atk, Fo.Def is raised.
225,Silver Talisman,250000,2,0,0,1,1,0,0,1,When held, if the user receives a Sp.Atk, Sp.Def is raised.
226,Item226,0,255,0,0,1,1,0,0,1,ItemÇQÇQÇUÅB
227,Item227,0,255,0,0,1,1,0,0,1,ItemÇQÇQÇVÅB
228,Item228,0,255,0,0,1,1,0,0,1,ItemÇQÇQÇWÅB
229,Item229,0,255,0,0,1,1,0,0,1,ItemÇQÇQÇXÅB
230,Item230,0,255,0,0,1,1,0,0,1,ItemÇQÇRÇOÅB
231,Item231,0,255,0,0,1,1,0,0,1,ItemÇQÇRÇPÅB
232,Item232,0,255,0,0,1,1,0,0,1,ItemÇQÇRÇQÅB
233,Item233,0,255,0,0,1,1,0,0,1,ItemÇQÇRÇRÅB
234,Item234,0,255,0,0,1,1,0,0,1,ItemÇQÇRÇSÅB
235,Item235,0,255,0,0,1,1,0,0,1,ItemÇQÇRÇTÅB
236,Item236,0,255,0,0,1,1,0,0,1,ItemÇQÇRÇUÅB
237,Item237,0,255,0,0,1,1,0,0,1,ItemÇQÇRÇVÅB
238,Item238,0,255,0,0,1,1,0,0,1,ItemÇQÇRÇWÅB
239,Item239,0,255,0,0,1,1,0,0,1,ItemÇQÇRÇXÅB
240,Item240,0,255,0,0,1,1,0,0,1,ItemÇQÇSÇOÅB
241,Item241,0,255,0,0,1,1,0,0,1,ItemÇQÇSÇPÅB
242,Item242,0,255,0,0,1,1,0,0,1,ItemÇQÇSÇQÅB
243,Item243,0,255,0,0,1,1,0,0,1,ItemÇQÇSÇRÅB
244,Item244,0,255,0,0,1,1,0,0,1,ItemÇQÇSÇSÅB
245,Item245,0,255,0,0,1,1,0,0,1,ItemÇQÇSÇTÅB
246,Item246,0,255,0,0,1,1,0,0,1,ItemÇQÇSÇUÅB
247,Item247,0,255,0,0,1,1,0,0,1,ItemÇQÇSÇVÅB
248,Item248,0,255,0,0,1,1,0,0,1,ItemÇQÇSÇWÅB
249,Item249,0,255,0,0,1,1,0,0,1,ItemÇQÇSÇXÅB
250,Item250,0,255,0,0,1,1,0,0,1,ItemÇQÇTÇOÅB
251,Item251,0,255,0,0,1,1,0,0,1,ItemÇQÇTÇPÅB
252,Item252,0,255,0,0,1,1,0,0,1,ItemÇQÇTÇQÅB
253,Item253,0,255,0,0,1,1,0,0,1,ItemÇQÇTÇRÅB
254,Item254,0,255,0,0,1,1,0,0,1,ItemÇQÇTÇSÅB
255,Item255,0,255,0,0,1,1,0,0,1,ItemÇQÇTÇTÅB
256,Item256,0,255,0,0,1,1,0,0,1,ItemÇQÇTÇUÅB
257,Item257,0,255,0,0,1,1,0,0,1,ItemÇQÇTÇVÅB
258,Item258,0,255,0,0,1,1,0,0,1,ItemÇQÇTÇWÅB
259,Item259,0,255,0,0,1,1,0,0,1,ItemÇQÇTÇXÅB
260,Item260,0,255,0,0,1,1,0,0,1,ItemÇQÇUÇOÅB
261,Red Ring,1000,3,0,0,1,1,0,0,1,When held, the power of Fo.Atk skills is raised.
262,Blue Earrings,1000,3,0,0,1,1,0,0,1,When held, the power of Sp.Atk skills is raised.
263,Deadly Secrets,120000,3,0,0,1,1,0,0,1,A book detailing the tricks of battle. Skills will deal more damage if it pierces the barrier.
264,Straw Doll,120000,3,0,0,1,1,0,0,1,Straw doll that is used for magic. When held a Puppet's skills become stronger.
265,Choice Ring,250000,3,0,0,1,1,0,0,1,Boosts the power of Focus Attack skills but you're locked into using the first skill used.
266,Choice Earrings,250000,3,0,0,1,1,0,0,1,Boosts the power of Spread Attack skills but you're locked into using the first skill used.
267,Choice Belt,250000,3,0,0,1,1,0,0,1,Boosts Speed, but you're locked into using the first skill used.
268,Repetitive Arts,12000,3,0,0,1,1,0,0,1,A book detailing the tricks of battle. A skill will deal more damage if it is used in repetition.
269,Iron Clogs,1000,3,0,0,1,1,0,0,1,Heavy clogs made out of Iron. When held by a Puppet its speed will drop.
270,Rosary,40000,3,0,0,1,1,0,0,1,When held by a Puppet, it will be less likely to be hit by an opposing Puppet's skills.
271,Binoculars,40000,3,0,0,1,1,0,0,1,Increases the holder's accuracy.
272,Telescope,40000,3,0,0,1,1,0,0,1,Increases the holder's accuracy if it moves after the foe.
273,Circular Amulet,40000,3,0,0,1,1,0,0,1,A round amulet. A Puppet holding this will recover HP if it is attacked by its foe. Unimplemented.
274,Bandage,40000,3,0,0,1,1,0,0,1,If a Puppet holding this uses an absorption skill the recovered amount will be increased.
275,Magic Ring,40000,3,0,0,1,1,0,0,1,A mysterious ring. When held the chance of critical hits is more likely.
276,Black Ring,40000,3,0,0,1,1,0,0,1,A Puppet holding this has a chance to survive a lethal attack that would otherwise KO it.
277,Sturdy Vine,0,255,0,0,1,1,0,0,1,A sturdy vine that increases the turns of binding moves when held. Unimplemened.
278,Sturdy Rope,40000,3,0,0,1,1,0,0,1,A sturdy rope that increases the power of binding moves when held.
279,Champion's Medal,40000,3,0,0,1,1,0,0,1,A dignified certificate. When held, skills that connect may cause the opponent to flinch.
280,Feather Hat,0,255,0,0,1,1,0,0,1,Hat with a feather. A Puppet holding this will occasionally move before its foe.
281,Heavy Armor,1500,3,0,0,1,1,0,0,1,A Puppet holding this will always move last.
282,Food Rations,120000,3,0,0,1,1,0,0,1,A stockpile of food. When held by a Puppet it'll occasionally recover HP during battle.
283,Jar of Poison,25000,3,0,0,1,1,0,0,1,Will heal the Puppet if it's the Poison type. Otherwise the Puppet takes damage.
284,Wolfsbane Root,25000,3,0,0,1,1,0,0,1,A deadly poisonous root. Puppets holding this will be badly poisoned.
285,Burning Stone,25000,3,0,0,1,1,0,0,1,Stone that was set ablaze. Puppets holding this will be badly burned.
286,Substitute Tag,5000,3,0,0,1,1,0,0,1,An amulet with a human carved into it. Allows the holder to switch out even if it would normally be trapped.
287,Golden Hairpin,250000,3,0,0,1,1,0,0,1,The Puppet holding this will have increased FoDef, but it will not be able to use support skills.
288,Silver Hairpin,250000,3,0,0,1,1,0,0,1,The Puppet holding this will have increased SpDef, but it will not be able to use support skills.
289,Protective Mask,0,255,0,0,1,1,0,0,1,(Safety Goggles)ãCñßê´ÇÃçÇÇ¢É}ÉXÉNÅB éùÇΩÇπÇÈÇ∆ìVåÛÇ‚ï≤ånÇÃÉXÉLÉãÇÃâeãøÇéÛÇØÇ»Ç≠Ç»ÇÈÅBUnimplemented
290,Small Bit,10000,3,0,0,1,1,0,0,1,If the holder is hit with a low-power skill the opponent also takes damage.
291,Cursed Doll,3000,3,0,0,1,1,0,0,1,When held skills that wouldn't hit due to type immunity will now work.
292,Fluorite,120000,3,0,0,1,1,0,0,1,Protection moves used by the holder get their duration increased in battle.
293,Large Shield,5000,3,0,0,1,1,0,0,1,When held, resisted attacks will deal reduced damage, and barrier piercing attacks will deal more damage.
294,Dragon Amulet,5000,3,0,0,1,1,0,0,1,A Puppet holding this item is no longer susceptible to critical hits.
295,Item295,0,255,0,0,1,1,0,0,1,ItemÇQÇXÇTÅB
296,Item296,0,255,0,0,1,1,0,0,1,ItemÇQÇXÇUÅB
297,Item297,0,255,0,0,1,1,0,0,1,ItemÇQÇXÇVÅB
298,Item298,0,255,0,0,1,1,0,0,1,ItemÇQÇXÇWÅB
299,Item299,0,255,0,0,1,1,0,0,1,ItemÇQÇXÇXÅB
300,Item300,0,255,0,0,1,1,0,0,1,ItemÇRÇOÇOÅB
301,Item301,0,255,0,0,1,1,0,0,1,ItemÇRÇOÇPÅB
302,Item302,0,255,0,0,1,1,0,0,1,ItemÇRÇOÇQÅB
303,Almighty Godstone,250000,3,0,0,1,1,0,0,1,Lengthens duration of any Weather condition when used by the holder.
304,Silent Godstone,100000,3,0,0,1,1,0,0,1,Lengthens duration of the Calm when used by the holder.
305,Halo Godstone,100000,3,0,0,1,1,0,0,1,Lengthens duration of the Aurora when used by the holder.
306,Twilight Godstone,100000,3,0,0,1,1,0,0,1,Lengthens duration of the Heavy Fog when used by the holder.
307,Sand Godstone,100000,3,0,0,1,1,0,0,1,Lengthens duration of the Dust Storm when used by the holder.
308,Serein Godstone,100000,3,0,0,1,1,0,0,1,Lengthens duration of Sunshower when used by the holder.
309,Item309,0,255,0,0,1,1,0,0,1,ItemÇRÇOÇXÅB
310,Item310,0,255,0,0,1,1,0,0,1,ItemÇRÇPÇOÅB
311,Item311,0,255,0,0,1,1,0,0,1,ItemÇRÇPÇPÅB
312,Item312,0,255,0,0,1,1,0,0,1,ItemÇRÇPÇQÅB
313,Item313,0,255,0,0,1,1,0,0,1,ItemÇRÇPÇRÅB
314,Item314,0,255,0,0,1,1,0,0,1,ItemÇRÇPÇSÅB
315,Diamond Hairpin,1000,3,0,0,1,1,0,0,1,When held, the power of Void skills is boosted.
316,Ruby Hairpin,1000,3,0,0,1,1,0,0,1,When held, the power of Fire skills is boosted.
317,Sapphire Hairpin,1000,3,0,0,1,1,0,0,1,When held, the power of Water skills is boosted.
318,Emerald Hairpin,1000,3,0,0,1,1,0,0,1,When held, the power of Nature skills is boosted.
319,Quartz Hairpin,1000,3,0,0,1,1,0,0,1,When held, the power of Earth skills is boosted.
320,Hematite Hairpin,1000,3,0,0,1,1,0,0,1,When held, the power of Steel skills is boosted.
321,Jade Hairpin,1000,3,0,0,1,1,0,0,1,When held, the power of Wind skills is boosted.
322,Topaz Hairpin,1000,3,0,0,1,1,0,0,1,When held, the power of Electric skills is boosted.
323,Opal Hairpin,1000,3,0,0,1,1,0,0,1,When held, the power of Light skills is boosted.
324,Obsidian Hairpin,1000,3,0,0,1,1,0,0,1,When held, the power of Dark skills is boosted.
325,Sugilite Hairpin,1000,3,0,0,1,1,0,0,1,When held, the power of Nether skills is boosted.
326,Amethyst Hairpin,1000,3,0,0,1,1,0,0,1,When held, the power of Poison skills is boosted.
327,Amber Hairpin,1000,3,0,0,1,1,0,0,1,When held, the power of Fighting skills is boosted.
328,Clear Hairpin,1000,3,0,0,1,1,0,0,1,When held, the power of Illusion skills is boosted.
329,Onyx Hairpin,1000,3,0,0,1,1,0,0,1,When held, the power of Sound skills is boosted.
330,Lapis Hairpin,1000,3,0,0,1,1,0,0,1,When held, the power of Warped skills is boosted.
331,Item331,0,255,0,0,1,1,0,0,1,ItemÇRÇRÇPÅB
332,Item332,0,255,0,0,1,1,0,0,1,ItemÇRÇRÇQÅB
333,Blinding Orb,1000,3,0,0,1,1,0,0,1,A Puppet holding this item will always be able to escape from a wild battle.
334,Wooden Sword,5000,3,0,0,1,1,0,0,1,A wooden sword designed for training. A Puppet holding this will increase the amount of PP it earns from battle.
335,Combat Handbook,8000,3,0,0,1,1,0,0,1,A fighting manual. When held, it increases EXP gained in battle.
336,Item336,0,255,0,0,1,1,0,0,1,ItemÇRÇRÇUÅB
337,Layla's Amulet,0,3,0,0,0,1,0,0,1,Hidden under an old photograph. When held by a Puppet, the item drop rates from battle are doubled.
338,Native Grace,0,3,0,0,0,1,0,0,1,A charm given by Suwako. If held, EXP and PP gain in battle will be doubled.
339,Boundary Trance,2,3,0,0,1,1,0,0,0,A stone with rainbow and transparent blue halves. Special Puppets holding this will have greatly increased stats.
340,Ancient Coin,0,3,0,0,0,1,0,0,1,You can't continue if you only have one! When held, the chances of successful Puppet sealing is increased.
341,Youma Scroll: Red,5000,3,0,0,1,1,0,0,0,A scroll with a red hemming written by various youkai. This item cannot be disposed.
342,Youma Scroll: Blue,5000,3,0,0,1,1,0,0,0,A scroll with a blue hemming written by various youkai. This item cannot be disposed.
343,Youma Scroll: Black,5000,3,0,0,1,1,0,0,0,A scroll with a black hemming written by various youkai. This item cannot be disposed.
344,Youma Scroll: White,5000,3,0,0,1,1,0,0,0,A scroll with a white hemming written by various youkai. This item cannot be disposed.
345,Item345,250000,3,0,0,1,1,0,0,0,ItemÇRÇSÇTÅB
346,Item346,0,255,0,0,1,1,0,0,1,ItemÇRÇSÇUÅB
347,Item347,0,255,0,0,1,1,0,0,1,ItemÇRÇSÇVÅB
348,Counter Bit,250000,3,0,0,1,1,0,0,1,When held, if you receive damage from a BU-skill, damage will be dealt back to the attacker.
349,Reflect Bit,250000,3,0,0,1,1,0,0,1,When held, if you receive damage from a EN-skill, damage will be dealt back to the attacker.
350,Hope Mask,100,3,0,0,1,1,0,0,0,A mask with a hopeful expression. Cannot be flinched while holding this item. This item cannot be disposed.
351,Iron Will Ribbon,10000,3,0,0,1,1,0,0,1,If the Puppet holding this only knows 3 skills, the damage received will be reduced.
352,Outlook Glasses,10000,3,0,0,1,1,0,0,1,When held, the foe's held item will be identified.
353,Javelin Arts,10000,3,0,0,1,1,0,0,1,A book detailing the tricks of battle. When held, the power of Javelin-type skills will be increased.
354,Dream Shard,0,3,0,0,0,1,0,0,0,Mysterious gem that constantly changes color. A special Puppet holding this will have increased stats.
355,Bell Hairpin,0,3,0,0,0,1,0,0,1,A small, bell-shaped hairpin. When held by the first Puppet in your party, Puppet encounters will increase.
356,Ancient Lunar Sake,0,3,0,0,0,1,0,0,1,Millennium brewed sake. When held by the first Puppet in your party, Puppet encounters will decrease.
357,Hakurei Amulet,2,3,0,0,1,1,0,0,1,Amulet that holds the gracious power of the Hakurei. When held, EXP and PP gained will increase.
358,Capture Rope,20000,3,0,0,1,1,0,0,1,Inescapable cursed rope. When held, switch out skills are disabled for the foe. Useless with trapping abilities.
359,Item359,0,255,0,0,1,1,0,0,1,ItemÇRÇTÇXÅB
360,Item360,0,255,0,0,1,1,0,0,1,ItemÇRÇUÇOÅB
361,Item361,0,255,0,0,1,1,0,0,1,ItemÇRÇUÇPÅB
362,Item362,0,255,0,0,1,1,0,0,1,ItemÇRÇUÇQÅB
363,Item363,0,255,0,0,1,1,0,0,1,ItemÇRÇUÇRÅB
364,Item364,0,255,0,0,1,1,0,0,1,ItemÇRÇUÇSÅB
365,Item365,0,255,0,0,1,1,0,0,1,ItemÇRÇUÇTÅB
366,Item366,0,255,0,0,1,1,0,0,1,ItemÇRÇUÇUÅB
367,Item367,0,255,0,0,1,1,0,0,1,ItemÇRÇUÇVÅB
368,Item368,0,255,0,0,1,1,0,0,1,ItemÇRÇUÇWÅB
369,Item369,0,255,0,0,1,1,0,0,1,ItemÇRÇUÇXÅB
370,Item370,0,255,0,0,1,1,0,0,1,ItemÇRÇVÇOÅB
371,Item371,0,255,0,0,1,1,0,0,1,ItemÇRÇVÇPÅB
372,Item372,0,255,0,0,1,1,0,0,1,ItemÇRÇVÇQÅB
373,Item373,0,255,0,0,1,1,0,0,1,ItemÇRÇVÇRÅB
374,Item374,0,255,0,0,1,1,0,0,1,ItemÇRÇVÇSÅB
375,Item375,0,255,0,0,1,1,0,0,1,ItemÇRÇVÇTÅB
376,Item376,0,255,0,0,1,1,0,0,1,ItemÇRÇVÇUÅB
377,Item377,0,255,0,0,1,1,0,0,1,ItemÇRÇVÇVÅB
378,Item378,0,255,0,0,1,1,0,0,1,ItemÇRÇVÇWÅB
379,Item379,0,255,0,0,1,1,0,0,1,ItemÇRÇVÇXÅB
380,Item380,0,255,0,0,1,1,0,0,1,ItemÇRÇWÇOÅB
381,Item381,0,255,0,0,1,1,0,0,1,ItemÇRÇWÇPÅB
382,Item382,0,255,0,0,1,1,0,0,1,ItemÇRÇWÇQÅB
383,Item383,0,255,0,0,1,1,0,0,1,ItemÇRÇWÇRÅB
384,Item384,0,255,0,0,1,1,0,0,1,ItemÇRÇWÇSÅB
385,Skill Card 1,25000,4,0,1,0,0,0,106,1,Fire Javelin
386,Skill Card 2,25000,4,0,1,0,0,0,155,1,Water Javelin
387,Skill Card 3,25000,4,0,1,0,0,0,206,1,Grass Javelin
388,Skill Card 4,25000,4,0,1,0,0,0,353,1,Wind Javelin
389,Skill Card 5,25000,4,0,1,0,0,0,403,1,Spark Javelin
390,Skill Card 6,25000,4,0,1,0,0,0,454,1,Light Javelin
391,Skill Card 7,25000,4,0,1,0,0,0,603,1,Shadow Javelin
392,Skill Card 8,0,4,0,1,0,0,0,20,1,Overskill
393,Skill Card 9,0,4,0,1,0,0,0,22,1,Frenzied Joururi
394,Skill Card 10,0,4,0,1,0,0,0,24,1,Blow from Calamity
395,Skill Card 11,0,4,0,1,0,0,0,107,1,Rising Sun
396,Skill Card 12,0,4,0,1,0,0,0,104,1,Burn Strike
397,Skill Card 13,0,4,0,1,0,0,0,152,1,Waterfall Drop
398,Skill Card 14,0,4,0,1,0,0,0,204,1,Voice of Famine
399,Skill Card 15,0,4,0,1,0,0,0,201,1,Tumble Plant
400,Skill Card 16,0,4,0,1,0,0,0,253,1,Shooting Press
401,Skill Card 17,0,4,0,1,0,0,0,254,1,Rocky Barrage
402,Skill Card 18,0,4,0,1,0,0,0,257,1,Spiked Stones
403,Skill Card 19,0,4,0,1,0,0,0,303,1,Impact Rebellion
404,Skill Card 20,0,4,0,1,0,0,0,301,1,Clearing Mist
405,Skill Card 21,0,4,0,1,0,0,0,351,1,Gensokyo Typhoon
406,Skill Card 22,0,4,0,1,0,0,0,354,1,Air Stamp
407,Skill Card 23,0,4,0,1,0,0,0,355,1,Thieving Wind
408,Skill Card 24,0,4,0,1,0,0,0,404,1,Plasma Ball
409,Skill Card 25,0,4,0,1,0,0,0,455,1,Sunbeam Dance
410,Skill Card 26,0,4,0,1,0,0,0,452,1,Evil-Crushing Arrow
411,Skill Card 27,0,4,0,1,0,0,0,504,1,Changeling
412,Skill Card 28,0,4,0,1,0,0,0,507,1,Dark Arrow
413,Skill Card 29,0,4,0,1,0,0,0,506,1,Lost Crisis
414,Skill Card 30,0,4,0,1,0,0,0,605,1,Unfettered Soul
415,Skill Card 31,0,4,0,1,0,0,0,553,1,Poisoned Arrow
416,Skill Card 32,0,4,0,1,0,0,0,655,1,Vacuum Rupture
417,Skill Card 33,0,4,0,1,0,0,0,656,1,Meteor Impact
418,Skill Card 34,0,4,0,1,0,0,0,664,1,Break Shot
419,Skill Card 35,0,4,0,1,0,0,0,666,1,Charging Stun
420,Skill Card 36,0,4,0,1,0,0,0,706,1,Flower of Hell
421,Skill Card 37,0,4,0,1,0,0,0,707,1,St. Elmo's Fire
422,Skill Card 38,0,4,0,1,0,0,0,751,1,Dancing Rain
423,Skill Card 39,0,4,0,1,0,0,0,34,1,Tri Effect
424,Skill Card 40,0,4,0,1,0,0,0,37,1,Heavenly Blessing
425,Skill Card 41,0,4,0,1,0,0,0,38,1,Earthly Blessing
426,Skill Card 42,0,4,0,1,0,0,0,116,1,Flashover
427,Skill Card 43,35000,4,0,1,0,0,0,111,1,Inferno
428,Skill Card 44,35000,4,0,1,0,0,0,162,1,Cold Rain
429,Skill Card 45,0,4,0,1,0,0,0,165,1,Lazy Mist
430,Skill Card 46,0,4,0,1,0,0,0,212,1,Rainbow Flowers
431,Skill Card 47,0,4,0,1,0,0,0,213,1,Pollen Mist
432,Skill Card 48,0,4,0,1,0,0,0,264,1,Jewelry Storm
433,Skill Card 49,0,4,0,1,0,0,0,313,1,Chrome Ray
434,Skill Card 50,0,4,0,1,0,0,0,363,1,Smash Spin
435,Skill Card 51,35000,4,0,1,0,0,0,405,1,Thunderlord's Scorn
436,Skill Card 52,0,4,0,1,0,0,0,410,1,Lightning Speed
437,Skill Card 53,0,4,0,1,0,0,0,407,1,Thunder Force
438,Skill Card 54,0,4,0,1,0,0,0,460,1,Star Flare
439,Skill Card 55,0,4,0,1,0,0,0,511,1,Eye of Laplace
440,Skill Card 56,0,4,0,1,0,0,0,610,1,Ghost Wave
441,Skill Card 57,0,4,0,1,0,0,0,611,1,Love or Pain
442,Skill Card 58,0,4,0,1,0,0,0,555,1,Poison Bomb
443,Skill Card 59,35000,4,0,1,0,0,0,670,1,GIGANTIC
444,Skill Card 60,0,4,0,1,0,0,0,716,1,Unknown Flare
445,Skill Card 61,0,4,0,1,0,0,0,712,1,Gravity Blast
446,Skill Card 62,0,4,0,1,0,0,0,756,1,Ultra High Tone
447,Skill Card 63,0,4,0,1,0,0,0,41,1,Supernatural Border
448,Skill Card 64,15000,4,0,1,0,0,0,42,1,Barrier Option
449,Skill Card 65,15000,4,0,1,0,0,0,47,1,Unconscious Mind
450,Skill Card 66,0,4,0,1,0,0,0,54,1,Confine
451,Skill Card 67,0,4,0,1,0,0,0,121,1,Thermit
452,Skill Card 68,0,4,0,1,0,0,0,173,1,Drought
453,Skill Card 69,0,4,0,1,0,0,0,366,1,Squall
454,Skill Card 70,15000,4,0,1,0,0,0,461,1,Field Barrier
455,Skill Card 71,15000,4,0,1,0,0,0,462,1,Field Protect
456,Skill Card 72,15000,4,0,1,0,0,0,463,1,Lucky Rainbow
457,Skill Card 73,0,4,0,1,0,0,0,468,1,Flash Bullet
458,Skill Card 74,0,4,0,1,0,0,0,513,1,Shark Trade
459,Skill Card 75,0,4,0,1,0,0,0,518,1,Sweet Nightmare
460,Skill Card 76,0,4,0,1,0,0,0,618,1,Behind You!
461,Skill Card 77,0,4,0,1,0,0,0,561,1,Miasma
462,Skill Card 78,15000,4,0,1,0,0,0,718,1,Continue
463,Skill Card 79,0,4,0,1,0,0,0,762,1,Upbeat
464,Skill Card 80,0,4,0,1,0,0,0,776,1,Claim
465,Skill Card 81,15000,4,0,1,0,0,0,802,1,Distortion Bomb
466,Skill Card 82,15000,4,0,1,0,0,0,804,1,Stealth Kill
467,Skill Card 83,15000,4,0,1,0,0,0,806,1,Dense Fog Bloom
468,Skill Card 84,15000,4,0,1,0,0,0,807,1,Impulse
469,Skill Card 85,15000,4,0,1,0,0,0,809,1,Field Break
470,Skill Card 86,15000,4,0,1,0,0,0,377,1,Flying Frenzy
471,Skill Card 87,15000,4,0,1,0,0,0,402,1,Lightning Cut
472,Skill Card 88,15000,4,0,1,0,0,0,661,1,Dancing Sword
473,Skill Card 89,15000,4,0,1,0,0,0,752,1,High Tone Crush
474,Skill Card 90,20000,4,0,1,0,0,0,65,1,Overrun
475,Skill Card 91,15000,4,0,1,0,0,0,115,1,Backdraft
476,Skill Card 92,15000,4,0,1,0,0,0,164,1,Frozen Prison
477,Skill Card 93,15000,4,0,1,0,0,0,378,1,Spinning Air
478,Skill Card 94,15000,4,0,1,0,0,0,510,1,Dark Sweets
479,Skill Card 95,15000,4,0,1,0,0,0,682,1,Brave Burst
480,Skill Card 96,15000,4,0,1,0,0,0,714,1,Catastrophe
481,Skill Card 97,15000,4,0,1,0,0,0,608,1,Poltergeist
482,Skill Card 98,35000,4,0,1,0,0,0,120,1,Will-o-Wisp
483,Skill Card 99,35000,4,0,1,0,0,0,424,1,Shocking Wave
484,Skill Card 100,35000,4,0,1,0,0,0,571,1,Acid Tears
485,Skill Card 101,15000,4,0,1,0,0,0,69,1,Heavenly Influence
486,Skill Card 102,15000,4,0,1,0,0,0,70,1,Earthly Influence
487,Skill Card 103,15000,4,0,1,0,0,0,380,1,Passing Breeze
488,Skill Card 104,15000,4,0,1,0,0,0,278,1,Destruction Rift
489,Skill Card 105,35000,4,0,1,0,0,0,820,1,Limitless Realm
490,Skill Card 106,0,255,0,0,1,0,0,1023,1,Skill Card ÇPÇOÇUÅB
491,Skill Card 107,0,255,0,0,1,0,0,1023,1,Skill Card ÇPÇOÇVÅB
492,Skill Card 108,0,255,0,0,1,0,0,1023,1,Skill Card ÇPÇOÇWÅB
493,Skill Card 109,0,255,0,0,1,0,0,1023,1,Skill Card ÇPÇOÇXÅB
494,Skill Card 110,0,255,0,0,1,0,0,1023,1,Skill Card ÇPÇPÇOÅB
495,Skill Card 111,0,255,0,0,1,0,0,1023,1,Skill Card ÇPÇPÇPÅB
496,Skill Card 112,0,255,0,0,1,0,0,1023,1,Skill Card ÇPÇPÇQÅB
497,Skill Card 113,0,255,0,0,1,0,0,1023,1,Skill Card ÇPÇPÇRÅB
498,Skill Card 106,15000,4,0,1,0,0,0,127,1,Fire Sign
499,Skill Card 107,15000,4,0,1,0,0,0,179,1,Water Sign
500,Skill Card 108,15000,4,0,1,0,0,0,233,1,Nature Sign
501,Skill Card 109,15000,4,0,1,0,0,0,273,1,Earth Sign
502,Skill Card 110,15000,4,0,1,0,0,0,327,1,Steel Sign
503,Skill Card 111,15000,4,0,1,0,0,0,375,1,Wind Sign
504,Skill Card 112,15000,4,0,1,0,0,0,421,1,Electric Sign
505,Skill Card 113,15000,4,0,1,0,0,0,474,1,Light Sign
506,Skill Card 114,15000,4,0,1,0,0,0,524,1,Dark Sign
507,Skill Card 115,15000,4,0,1,0,0,0,623,1,Nether Sign
508,Skill Card 116,15000,4,0,1,0,0,0,566,1,Poison Sign
509,Skill Card 117,15000,4,0,1,0,0,0,680,1,Fighting Sign
510,Skill Card 118,15000,4,0,1,0,0,0,741,1,Illusion Sign
511,Skill Card 119,15000,4,0,1,0,0,0,782,1,Sound Sign
512,Skill Card 120,15000,4,0,1,0,0,0,817,1,Warped Sign
513,Item513,0,255,0,0,1,0,0,0,1,ItemÇTÇPÇRÅB
514,Item514,0,255,0,0,1,0,0,0,1,ItemÇTÇPÇSÅB
515,Item515,0,255,0,0,1,0,0,0,1,ItemÇTÇPÇTÅB
516,Item516,0,255,0,0,1,0,0,0,1,ItemÇTÇPÇUÅB
517,Fo.Atk Potion,500,255,0,0,1,0,0,0,1,êÌì¨íÜÇÃêlå`ÇÃèWíeÇè„Ç∞ÇÈÅB åä∑Ç∑ÇÈÇ∆å≥Ç…ñﬂÇÈÅB ñ¢é¿ëïÅB
518,Fo.Def Potion,550,255,0,0,1,0,0,0,1,êÌì¨íÜÇÃêlå`ÇÃèWñhÇè„Ç∞ÇÈÅB åä∑Ç∑ÇÈÇ∆å≥Ç…ñﬂÇÈÅB ñ¢é¿ëïÅB
519,Speed Potion,350,255,0,0,1,0,0,0,1,êÌì¨íÜÇÃêlå`ÇÃèrïqÇè„Ç∞ÇÈÅB åä∑Ç∑ÇÈÇ∆å≥Ç…ñﬂÇÈÅB ñ¢é¿ëïÅB
520,Sp.Atk Potion,350,255,0,0,1,0,0,0,1,êÌì¨íÜÇÃêlå`ÇÃéUíeÇè„Ç∞ÇÈÅB åä∑Ç∑ÇÈÇ∆å≥Ç…ñﬂÇÈÅB ñ¢é¿ëïÅB
521,Sp.Def Potion,350,255,0,0,1,0,0,0,1,êÌì¨íÜÇÃêlå`ÇÃéUñhÇè„Ç∞ÇÈÅB åä∑Ç∑ÇÈÇ∆å≥Ç…ñﬂÇÈÅB ñ¢é¿ëïÅB
522,Accuracy Potion,950,255,0,0,1,0,0,0,1,êÌì¨íÜÇÃêlå`ÇÃñΩíÜÇè„Ç∞ÇÈÅB åä∑Ç∑ÇÈÇ∆å≥Ç…ñﬂÇÈÅB ñ¢é¿ëïÅB
523,Mind's Eye Potion,650,255,0,0,1,0,0,0,1,êÌì¨íÜÇÃêlå`ÇÃÅõÅõÇè„Ç∞ÇÈÅB åä∑Ç∑ÇÈÇ∆å≥Ç…ñﬂÇÈÅB ñ¢é¿ëïÅB
524,Abstinence Potion,700,255,0,0,1,0,0,0,1,êÌì¨íÜÇTÉ^Å[ÉìÇÃä‘ ñ°ï˚ÇÃî\óÕÇâ∫Ç∞ÇÁÇÍÇ»Ç≠Ç∑ÇÈÅB ñ¢é¿ëïÅB
525,Plain Doll,1000,5,1,0,1,0,0,0,1,A doll that can be used as a distraction to escape from a wild Puppet battle.
526,Item526,0,255,1,0,1,0,0,0,1,ItemÇTÇQÇUÅB
527,Item527,0,255,1,0,1,0,0,0,1,ItemÇTÇQÇVÅB
528,Item528,0,255,1,0,1,0,0,0,1,ItemÇTÇQÇWÅB
529,Item529,0,255,1,0,1,0,0,0,1,ItemÇTÇQÇXÅB
530,Item530,0,255,1,0,1,0,0,0,1,ItemÇTÇRÇOÅB
531,Seal Thread,200,5,1,0,1,0,0,0,1,A sturdy thread used to seal Puppets.
532,Contract Thread,600,5,1,0,1,0,0,0,1,A thread for sealing Puppets that's more expensive and better quality than a Seal Thread.
533,Oath Thread,1200,5,1,0,1,0,0,0,1,A thread for sealing Puppets that's more expensive and better quality than a Contract Thread.
534,Fate Thread,10,5,1,0,1,0,0,0,1,The best quality thread that can seal any Puppet.
535,Item535,0,255,1,0,1,0,0,0,1,ItemÇTÇRÇTÅB
536,Item536,0,255,1,0,1,0,0,0,1,ItemÇTÇRÇUÅB
537,Item537,0,255,1,0,1,0,0,0,1,ItemÇTÇRÇVÅB
538,Item538,0,255,1,0,1,0,0,0,1,ItemÇTÇRÇWÅB
539,Item539,0,255,1,0,1,0,0,0,1,ItemÇTÇRÇXÅB
540,Item540,0,255,1,0,1,0,0,0,1,ItemÇTÇSÇOÅB
541,Item541,0,255,1,0,1,0,0,0,1,ItemÇTÇSÇPÅB
542,Item542,0,255,1,0,1,0,0,0,1,ItemÇTÇSÇQÅB
543,Item543,0,255,1,0,1,0,0,0,1,ItemÇTÇSÇRÅB
544,Item544,0,255,1,0,1,0,0,0,1,ItemÇTÇSÇSÅB
545,Item545,0,255,1,0,1,0,0,0,1,ItemÇTÇSÇTÅB
546,Item546,0,255,1,0,1,0,0,0,1,ItemÇTÇSÇUÅB
547,Item547,0,255,1,0,1,0,0,0,1,ItemÇTÇSÇVÅB
548,Item548,0,255,1,0,1,0,0,0,1,ItemÇTÇSÇWÅB
549,Item549,0,255,1,0,1,0,0,0,1,ItemÇTÇSÇXÅB
550,Item550,0,255,1,0,1,0,0,0,1,ItemÇTÇTÇOÅB
551,Item551,0,255,1,0,1,0,0,0,1,ItemÇTÇTÇPÅB
552,Item552,0,255,1,0,1,0,0,0,1,ItemÇTÇTÇQÅB
553,Item553,0,255,1,0,1,0,0,0,1,ItemÇTÇTÇRÅB
554,Item554,0,255,1,0,1,0,0,0,1,ItemÇTÇTÇSÅB
555,Item555,0,255,1,0,1,0,0,0,1,ItemÇTÇTÇTÅB
556,Item556,0,255,1,0,1,0,0,0,1,ItemÇTÇTÇUÅB
557,Item557,0,255,1,0,1,0,0,0,1,ItemÇTÇTÇVÅB
558,Item558,0,255,1,0,1,0,0,0,1,ItemÇTÇTÇWÅB
559,Item559,0,255,1,0,1,0,0,0,1,ItemÇTÇTÇXÅB
560,Item560,0,255,1,0,1,0,0,0,1,ItemÇTÇUÇOÅB
561,Item561,0,255,1,0,1,0,0,0,1,ItemÇTÇUÇPÅB
562,Item562,0,255,1,0,1,0,0,0,1,ItemÇTÇUÇQÅB
563,Item563,0,255,1,0,1,0,0,0,1,ItemÇTÇUÇRÅB
564,Item564,0,255,1,0,1,0,0,0,1,ItemÇTÇUÇSÅB
565,Item565,0,255,1,0,1,0,0,0,1,ItemÇTÇUÇTÅB
566,Item566,0,255,1,0,1,0,0,0,1,ItemÇTÇUÇUÅB
567,Item567,0,255,1,0,1,0,0,0,1,ItemÇTÇUÇVÅB
568,Item568,0,255,1,0,1,0,0,0,1,ItemÇTÇUÇWÅB
569,Item569,0,255,1,0,1,0,0,0,1,ItemÇTÇUÇXÅB
570,Item570,0,255,1,0,1,0,0,0,1,ItemÇTÇVÇOÅB
571,Item571,0,255,1,0,1,0,0,0,1,ItemÇTÇVÇPÅB
572,Item572,0,255,1,0,1,0,0,0,1,ItemÇTÇVÇQÅB
573,Item573,0,255,1,0,1,0,0,0,1,ItemÇTÇVÇRÅB
574,Item574,0,255,1,0,1,0,0,0,1,ItemÇTÇVÇSÅB
575,Item575,0,255,1,0,1,0,0,0,1,ItemÇTÇVÇTÅB
576,Item576,0,255,1,0,1,0,0,0,1,ItemÇTÇVÇUÅB
577,Puppet Book,0,6,0,0,0,0,0,0,1,An encyclopedia written about the Puppets that have started to outbreak in Gensokyo.
578,Alice's Package,0,6,0,0,0,0,0,0,1,A package intended for a person named Alice. Apparently she's in the forest.
579,Gensokyo Map,0,6,0,1,0,0,0,0,1,Map of Gensokyo.
580,Puppet Box,0,6,0,0,0,0,0,0,1,The box where Puppets are stored. Can be opened at Akyuu Dolls.
581,Bicycle,0,6,0,1,0,0,0,0,1,A foldable bicycle that makes you go faster than running. Press Select to hop onto it.
582,Woodcutter Doll,0,6,0,0,0,0,0,0,1,A doll that can cut down small trees. Does not appear to be autonomous.
583,Superpower Glove,0,6,0,0,0,0,0,0,1,Gloves that make smashing rocks possible.
584,Inflatable Boat,0,6,0,1,0,0,0,0,1,A boat that can be used to cross bodies of water.
585,Gap Map,0,6,0,1,0,0,0,0,1,A map of Gensokyo that will allow you to travel to locations you've been.
586,Item586,0,255,0,0,0,0,0,0,1,ItemÇTÇWÇUÅB
587,Item587,0,255,0,0,0,0,0,0,1,ItemÇTÇWÇVÅB
588,Item588,0,255,0,0,0,0,0,0,1,ItemÇTÇWÇWÅB
589,Item589,0,255,0,0,0,0,0,0,1,ItemÇTÇWÇXÅB
590,Peach Hairpin,0,6,0,0,0,0,0,0,1,One of Kasen's lost items. This is part of four items to find. When all are found, return to Kasen.
591,Dog Whistle,0,6,0,0,0,0,0,0,1,One of Kasen's lost items. This is part of four items to find. When all are found, return to Kasen.
592,Monkey Seat,0,6,0,0,0,0,0,0,1,One of Kasen's lost items. This is part of four items to find. When all are found, return to Kasen.
593,Way of the Knife,0,6,0,0,0,0,0,0,1,One of Kasen's lost items. This is part of four items to find. When all are found, return to Kasen.
594,Item594,0,255,0,0,0,0,0,0,1,ItemÇTÇXÇSÅB
595,Item595,0,255,0,0,0,0,0,0,1,ItemÇTÇXÇTÅB
596,Item596,0,255,0,0,0,0,0,0,1,ItemÇTÇXÇUÅB
597,Item597,0,255,0,0,0,0,0,0,1,ItemÇTÇXÇVÅB
598,Incident Case -1-,0,6,0,0,0,0,0,0,1,First Volume of the Puppet Incident accounts.
599,Incident Case -2-,0,6,0,0,0,0,0,0,1,Second Volume of the Puppet Incident accounts.
600,Incident Case -3-,0,6,0,0,0,0,0,0,1,Third Volume of the Puppet Incident accounts.
601,Incident Case -4-,0,6,0,0,0,0,0,0,1,Fourth Volume of the Puppet Incident accounts.
602,Incident Case -5-,0,6,0,0,0,0,0,0,1,Fifth Volume of the Puppet Incident accounts.
603,Incident Case -6-,0,6,0,0,0,0,0,0,1,Sixth Volume of the Puppet Incident accounts.
604,Incident Case -7-,0,6,0,0,0,0,0,0,1,Seventh Volume of the Puppet Incident accounts.
605,Incident Case -8-,0,6,0,0,0,0,0,0,1,Eighth Volume of the Puppet Incident accounts.
606,Incident Case -9-,0,6,0,0,0,0,0,0,1,Ninth Volume of the Puppet Incident accounts.
607,Incident Case -10-,0,6,0,0,0,0,0,0,1,Tenth Volume of the Puppet Incident accounts.
608,Item608,0,255,0,0,0,0,0,0,1,ItemÇUÇOÇWÅB
609,Item609,0,255,0,0,0,0,0,0,1,ItemÇUÇOÇXÅB
610,Item610,0,255,0,0,0,0,0,0,1,ItemÇUÇPÇOÅB
611,Item611,0,255,0,0,0,0,0,0,1,ItemÇUÇPÇPÅB
612,Old Key,0,6,0,0,0,0,0,0,1,An aged key that unlocks the door to the basement of the SDM. Can only be used once.
613,Large Cotton,0,6,0,0,0,0,0,0,1,A large quantity of cotton for making a doll.
614,Needle,0,6,0,0,0,0,0,0,1,A sewing needle.
615,Thread,0,6,0,0,0,0,0,0,1,Large sewing thread.
616,Scissors,0,6,0,0,0,0,0,0,1,Cloth cutting scissors.
617,Cloth,0,6,0,0,0,0,0,0,1,Large brown cloth.
618,Big Teddy Bear,0,6,0,0,0,0,0,0,1,Surprisingly large teddy bear.
619,Ripped Teddy Bear,0,6,0,0,0,0,0,0,1,A teddy bear torn to shreds. 
620,Whole Shortcake,0,6,0,0,0,0,0,0,1,A whole shortcake.
621,Shortcake,0,6,0,0,0,0,0,0,1,Part of a shortcake.
622,Item622,0,255,0,0,0,0,0,0,1,ItemÇUÇQÇQÅB
623,Item623,0,255,0,0,0,0,0,0,1,ItemÇUÇQÇRÅB
624,Item624,0,255,0,0,0,0,0,0,1,ItemÇUÇQÇSÅB
625,Item625,0,255,0,0,0,0,0,0,1,ItemÇUÇQÇTÅB
626,Item626,0,255,0,0,0,0,0,0,1,ItemÇUÇQÇUÅB
627,Item627,0,255,0,0,0,0,0,0,1,ItemÇUÇQÇVÅB
628,Item628,0,255,0,0,0,0,0,0,1,ItemÇUÇQÇWÅB
629,Item629,0,255,0,0,0,0,0,0,1,ItemÇUÇQÇXÅB
630,Item630,0,255,0,0,0,0,0,0,1,ItemÇUÇRÇOÅB
631,Item631,0,255,0,0,0,0,0,0,1,ItemÇUÇRÇPÅB
632,Item632,0,255,0,0,0,0,0,0,1,ItemÇUÇRÇQÅB
633,Item633,0,255,0,0,0,0,0,0,1,ItemÇUÇRÇRÅB
634,Item634,0,255,0,0,0,0,0,0,1,ItemÇUÇRÇSÅB
635,Item635,0,255,0,0,0,0,0,0,1,ItemÇUÇRÇTÅB
636,Item636,0,255,0,0,0,0,0,0,1,ItemÇUÇRÇUÅB
637,Item637,0,255,0,0,0,0,0,0,1,ItemÇUÇRÇVÅB
638,Item638,0,255,0,0,0,0,0,0,1,ItemÇUÇRÇWÅB
639,Item639,0,255,0,0,0,0,0,0,1,ItemÇUÇRÇXÅB
640,Item640,0,255,0,0,0,0,0,0,1,ItemÇUÇSÇOÅB
641,Item641,0,255,0,0,0,0,0,0,1,ItemÇUÇSÇPÅB
642,Item642,0,255,0,0,0,0,0,0,1,ItemÇUÇSÇQÅB
643,Item643,0,255,0,0,0,0,0,0,1,ItemÇUÇSÇRÅB
644,Item644,0,255,0,0,0,0,0,0,1,ItemÇUÇSÇSÅB
645,Item645,0,255,0,0,0,0,0,0,1,ItemÇUÇSÇTÅB
646,Item646,0,255,0,0,0,0,0,0,1,ItemÇUÇSÇUÅB
647,Item647,0,255,0,0,0,0,0,0,1,ItemÇUÇSÇVÅB
648,Item648,0,255,0,0,0,0,0,0,1,ItemÇUÇSÇWÅB
649,Item649,0,255,0,0,0,0,0,0,1,ItemÇUÇSÇXÅB
650,Item650,0,255,0,0,0,0,0,0,1,ItemÇUÇTÇOÅB
651,Item651,0,255,0,0,0,0,0,0,1,ItemÇUÇTÇPÅB
652,Item652,0,255,0,0,0,0,0,0,1,ItemÇUÇTÇQÅB
653,Item653,0,255,0,0,0,0,0,0,1,ItemÇUÇTÇRÅB
654,Item654,0,255,0,0,0,0,0,0,1,ItemÇUÇTÇSÅB
655,Item655,0,255,0,0,0,0,0,0,1,ItemÇUÇTÇTÅB
656,Item656,0,255,0,0,0,0,0,0,1,ItemÇUÇTÇUÅB
657,Item657,0,255,0,0,0,0,0,0,1,ItemÇUÇTÇVÅB
658,Item658,0,255,0,0,0,0,0,0,1,ItemÇUÇTÇWÅB
659,Item659,0,255,0,0,0,0,0,0,1,ItemÇUÇTÇXÅB
660,Item660,0,255,0,0,0,0,0,0,1,ItemÇUÇUÇOÅB
661,Item661,0,255,0,0,0,0,0,0,1,ItemÇUÇUÇPÅB
662,Item662,0,255,0,0,0,0,0,0,1,ItemÇUÇUÇQÅB
663,Item663,0,255,0,0,0,0,0,0,1,ItemÇUÇUÇRÅB
664,Item664,0,255,0,0,0,0,0,0,1,ItemÇUÇUÇSÅB
665,Item665,0,255,0,0,0,0,0,0,1,ItemÇUÇUÇTÅB
666,Item666,0,255,0,0,0,0,0,0,1,ItemÇUÇUÇUÅB
667,Item667,0,255,0,0,0,0,0,0,1,ItemÇUÇUÇVÅB
668,Item668,0,255,0,0,0,0,0,0,1,ItemÇUÇUÇWÅB
669,Item669,0,255,0,0,0,0,0,0,1,ItemÇUÇUÇXÅB
670,Item670,0,255,0,0,0,0,0,0,1,ItemÇUÇVÇOÅB
671,Item671,0,255,0,0,0,0,0,0,1,ItemÇUÇVÇPÅB
672,Item672,0,255,0,0,0,0,0,0,1,ItemÇUÇVÇQÅB
673,Item673,0,255,0,0,0,0,0,0,1,ItemÇUÇVÇRÅB
674,Item674,0,255,0,0,0,0,0,0,1,ItemÇUÇVÇSÅB
675,Item675,0,255,0,0,0,0,0,0,1,ItemÇUÇVÇTÅB
676,Item676,0,255,0,0,0,0,0,0,1,ItemÇUÇVÇUÅB
677,Item677,0,255,0,0,0,0,0,0,1,ItemÇUÇVÇVÅB
678,Item678,0,255,0,0,0,0,0,0,1,ItemÇUÇVÇWÅB
679,Item679,0,255,0,0,0,0,0,0,1,ItemÇUÇVÇXÅB
680,Item680,0,255,0,0,0,0,0,0,1,ItemÇUÇWÇOÅB
681,Item681,0,255,0,0,0,0,0,0,1,ItemÇUÇWÇPÅB
682,Item682,0,255,0,0,0,0,0,0,1,ItemÇUÇWÇQÅB
683,Item683,0,255,0,0,0,0,0,0,1,ItemÇUÇWÇRÅB
684,Item684,0,255,0,0,0,0,0,0,1,ItemÇUÇWÇSÅB
685,Item685,0,255,0,0,0,0,0,0,1,ItemÇUÇWÇTÅB
686,Item686,0,255,0,0,0,0,0,0,1,ItemÇUÇWÇUÅB
687,Item687,0,255,0,0,0,0,0,0,1,ItemÇUÇWÇVÅB
688,Item688,0,255,0,0,0,0,0,0,1,ItemÇUÇWÇWÅB
689,Item689,0,255,0,0,0,0,0,0,1,ItemÇUÇWÇXÅB
690,Item690,0,255,0,0,0,0,0,0,1,ItemÇUÇXÇOÅB
691,Item691,0,255,0,0,0,0,0,0,1,ItemÇUÇXÇPÅB
692,Item692,0,255,0,0,0,0,0,0,1,ItemÇUÇXÇQÅB
693,Item693,0,255,0,0,0,0,0,0,1,ItemÇUÇXÇRÅB
694,Item694,0,255,0,0,0,0,0,0,1,ItemÇUÇXÇSÅB
695,Item695,0,255,0,0,0,0,0,0,1,ItemÇUÇXÇTÅB
696,Item696,0,255,0,0,0,0,0,0,1,ItemÇUÇXÇUÅB
697,Item697,0,255,0,0,0,0,0,0,1,ItemÇUÇXÇVÅB
698,Item698,0,255,0,0,0,0,0,0,1,ItemÇUÇXÇWÅB
699,Item699,0,255,0,0,0,0,0,0,1,ItemÇUÇXÇXÅB
700,Item700,0,255,0,0,0,0,0,0,1,ItemÇVÇOÇOÅB
701,Item701,0,255,0,0,0,0,0,0,1,ItemÇVÇOÇPÅB
702,Item702,0,255,0,0,0,0,0,0,1,ItemÇVÇOÇQÅB
703,Item703,0,255,0,0,0,0,0,0,1,ItemÇVÇOÇRÅB
704,Item704,0,255,0,0,0,0,0,0,1,ItemÇVÇOÇSÅB
705,Item705,0,255,0,0,0,0,0,0,1,ItemÇVÇOÇTÅB
706,Item706,0,255,0,0,0,0,0,0,1,ItemÇVÇOÇUÅB
707,Item707,0,255,0,0,0,0,0,0,1,ItemÇVÇOÇVÅB
708,Item708,0,255,0,0,0,0,0,0,1,ItemÇVÇOÇWÅB
709,Item709,0,255,0,0,0,0,0,0,1,ItemÇVÇOÇXÅB
710,Item710,0,255,0,0,0,0,0,0,1,ItemÇVÇPÇOÅB
711,Item711,0,255,0,0,0,0,0,0,1,ItemÇVÇPÇPÅB
712,Item712,0,255,0,0,0,0,0,0,1,ItemÇVÇPÇQÅB
713,Item713,0,255,0,0,0,0,0,0,1,ItemÇVÇPÇRÅB
714,Item714,0,255,0,0,0,0,0,0,1,ItemÇVÇPÇSÅB
715,Item715,0,255,0,0,0,0,0,0,1,ItemÇVÇPÇTÅB
716,Item716,0,255,0,0,0,0,0,0,1,ItemÇVÇPÇUÅB
717,Item717,0,255,0,0,0,0,0,0,1,ItemÇVÇPÇVÅB
718,Item718,0,255,0,0,0,0,0,0,1,ItemÇVÇPÇWÅB
719,Item719,0,255,0,0,0,0,0,0,1,ItemÇVÇPÇXÅB
720,Item720,0,255,0,0,0,0,0,0,1,ItemÇVÇQÇOÅB
721,Item721,0,255,0,0,0,0,0,0,1,ItemÇVÇQÇPÅB
722,Item722,0,255,0,0,0,0,0,0,1,ItemÇVÇQÇQÅB
723,Item723,0,255,0,0,0,0,0,0,1,ItemÇVÇQÇRÅB
724,Item724,0,255,0,0,0,0,0,0,1,ItemÇVÇQÇSÅB
725,Item725,0,255,0,0,0,0,0,0,1,ItemÇVÇQÇTÅB
726,Item726,0,255,0,0,0,0,0,0,1,ItemÇVÇQÇUÅB
727,Item727,0,255,0,0,0,0,0,0,1,ItemÇVÇQÇVÅB
728,Item728,0,255,0,0,0,0,0,0,1,ItemÇVÇQÇWÅB
729,Item729,0,255,0,0,0,0,0,0,1,ItemÇVÇQÇXÅB
730,Item730,0,255,0,0,0,0,0,0,1,ItemÇVÇRÇOÅB
731,Item731,0,255,0,0,0,0,0,0,1,ItemÇVÇRÇPÅB
732,Item732,0,255,0,0,0,0,0,0,1,ItemÇVÇRÇQÅB
733,Item733,0,255,0,0,0,0,0,0,1,ItemÇVÇRÇRÅB
734,Item734,0,255,0,0,0,0,0,0,1,ItemÇVÇRÇSÅB
735,Item735,0,255,0,0,0,0,0,0,1,ItemÇVÇRÇTÅB
736,Item736,0,255,0,0,0,0,0,0,1,ItemÇVÇRÇUÅB
737,Item737,0,255,0,0,0,0,0,0,1,ItemÇVÇRÇVÅB
738,Item738,0,255,0,0,0,0,0,0,1,ItemÇVÇRÇWÅB
739,Item739,0,255,0,0,0,0,0,0,1,ItemÇVÇRÇXÅB
740,Item740,0,255,0,0,0,0,0,0,1,ItemÇVÇSÇOÅB
741,Item741,0,255,0,0,0,0,0,0,1,ItemÇVÇSÇPÅB
742,Item742,0,255,0,0,0,0,0,0,1,ItemÇVÇSÇQÅB
743,Item743,0,255,0,0,0,0,0,0,1,ItemÇVÇSÇRÅB
744,Item744,0,255,0,0,0,0,0,0,1,ItemÇVÇSÇSÅB
745,Item745,0,255,0,0,0,0,0,0,1,ItemÇVÇSÇTÅB
746,Item746,0,255,0,0,0,0,0,0,1,ItemÇVÇSÇUÅB
747,Item747,0,255,0,0,0,0,0,0,1,ItemÇVÇSÇVÅB
748,Item748,0,255,0,0,0,0,0,0,1,ItemÇVÇSÇWÅB
749,Item749,0,255,0,0,0,0,0,0,1,ItemÇVÇSÇXÅB
750,Item750,0,255,0,0,0,0,0,0,1,ItemÇVÇTÇOÅB
751,Item751,0,255,0,0,0,0,0,0,1,ItemÇVÇTÇPÅB
752,Item752,0,255,0,0,0,0,0,0,1,ItemÇVÇTÇQÅB
753,Item753,0,255,0,0,0,0,0,0,1,ItemÇVÇTÇRÅB
754,Item754,0,255,0,0,0,0,0,0,1,ItemÇVÇTÇSÅB
755,Item755,0,255,0,0,0,0,0,0,1,ItemÇVÇTÇTÅB
756,Item756,0,255,0,0,0,0,0,0,1,ItemÇVÇTÇUÅB
757,Item757,0,255,0,0,0,0,0,0,1,ItemÇVÇTÇVÅB
758,Item758,0,255,0,0,0,0,0,0,1,ItemÇVÇTÇWÅB
759,Item759,0,255,0,0,0,0,0,0,1,ItemÇVÇTÇXÅB
760,Item760,0,255,0,0,0,0,0,0,1,ItemÇVÇUÇOÅB
761,Item761,0,255,0,0,0,0,0,0,1,ItemÇVÇUÇPÅB
762,Item762,0,255,0,0,0,0,0,0,1,ItemÇVÇUÇQÅB
763,Item763,0,255,0,0,0,0,0,0,1,ItemÇVÇUÇRÅB
764,Item764,0,255,0,0,0,0,0,0,1,ItemÇVÇUÇSÅB
765,Item765,0,255,0,0,0,0,0,0,1,ItemÇVÇUÇTÅB
766,Item766,0,255,0,0,0,0,0,0,1,ItemÇVÇUÇUÅB
767,Item767,0,255,0,0,0,0,0,0,1,ItemÇVÇUÇVÅB
768,Item768,0,255,0,0,0,0,0,0,1,ItemÇVÇUÇWÅB
769,Item769,0,255,0,0,0,0,0,0,1,ItemÇVÇUÇXÅB
770,Item770,0,255,0,0,0,0,0,0,1,ItemÇVÇVÇOÅB
771,Item771,0,255,0,0,0,0,0,0,1,ItemÇVÇVÇPÅB
772,Item772,0,255,0,0,0,0,0,0,1,ItemÇVÇVÇQÅB
773,Item773,0,255,0,0,0,0,0,0,1,ItemÇVÇVÇRÅB
774,Item774,0,255,0,0,0,0,0,0,1,ItemÇVÇVÇSÅB
775,Item775,0,255,0,0,0,0,0,0,1,ItemÇVÇVÇTÅB
776,Item776,0,255,0,0,0,0,0,0,1,ItemÇVÇVÇUÅB
777,Item777,0,255,0,0,0,0,0,0,1,ItemÇVÇVÇVÅB
778,Item778,0,255,0,0,0,0,0,0,1,ItemÇVÇVÇWÅB
779,Item779,0,255,0,0,0,0,0,0,1,ItemÇVÇVÇXÅB
780,Item780,0,255,0,0,0,0,0,0,1,ItemÇVÇWÇOÅB
781,Item781,0,255,0,0,0,0,0,0,1,ItemÇVÇWÇPÅB
782,Item782,0,255,0,0,0,0,0,0,1,ItemÇVÇWÇQÅB
783,Item783,0,255,0,0,0,0,0,0,1,ItemÇVÇWÇRÅB
784,Item784,0,255,0,0,0,0,0,0,1,ItemÇVÇWÇSÅB
785,Item785,0,255,0,0,0,0,0,0,1,ItemÇVÇWÇTÅB
786,Item786,0,255,0,0,0,0,0,0,1,ItemÇVÇWÇUÅB
787,Item787,0,255,0,0,0,0,0,0,1,ItemÇVÇWÇVÅB
788,Item788,0,255,0,0,0,0,0,0,1,ItemÇVÇWÇWÅB
789,Item789,0,255,0,0,0,0,0,0,1,ItemÇVÇWÇXÅB
790,Item790,0,255,0,0,0,0,0,0,1,ItemÇVÇXÇOÅB
791,Item791,0,255,0,0,0,0,0,0,1,ItemÇVÇXÇPÅB
792,Item792,0,255,0,0,0,0,0,0,1,ItemÇVÇXÇQÅB
793,Item793,0,255,0,0,0,0,0,0,1,ItemÇVÇXÇRÅB
794,Item794,0,255,0,0,0,0,0,0,1,ItemÇVÇXÇSÅB
795,Item795,0,255,0,0,0,0,0,0,1,ItemÇVÇXÇTÅB
796,Item796,0,255,0,0,0,0,0,0,1,ItemÇVÇXÇUÅB
797,Item797,0,255,0,0,0,0,0,0,1,ItemÇVÇXÇVÅB
798,Item798,0,255,0,0,0,0,0,0,1,ItemÇVÇXÇWÅB
799,Item799,0,255,0,0,0,0,0,0,1,ItemÇVÇXÇXÅB
800,Item800,0,255,0,0,0,0,0,0,1,ItemÇWÇOÇOÅB
801,Item801,0,255,0,0,0,0,0,0,1,ItemÇWÇOÇPÅB
802,Item802,0,255,0,0,0,0,0,0,1,ItemÇWÇOÇQÅB
803,Item803,0,255,0,0,0,0,0,0,1,ItemÇWÇOÇRÅB
804,Item804,0,255,0,0,0,0,0,0,1,ItemÇWÇOÇSÅB
805,Item805,0,255,0,0,0,0,0,0,1,ItemÇWÇOÇTÅB
806,Item806,0,255,0,0,0,0,0,0,1,ItemÇWÇOÇUÅB
807,Item807,0,255,0,0,0,0,0,0,1,ItemÇWÇOÇVÅB
808,Item808,0,255,0,0,0,0,0,0,1,ItemÇWÇOÇWÅB
809,Item809,0,255,0,0,0,0,0,0,1,ItemÇWÇOÇXÅB
810,Item810,0,255,0,0,0,0,0,0,1,ItemÇWÇPÇOÅB
811,Item811,0,255,0,0,0,0,0,0,1,ItemÇWÇPÇPÅB
812,Item812,0,255,0,0,0,0,0,0,1,ItemÇWÇPÇQÅB
813,Item813,0,255,0,0,0,0,0,0,1,ItemÇWÇPÇRÅB
814,Item814,0,255,0,0,0,0,0,0,1,ItemÇWÇPÇSÅB
815,Item815,0,255,0,0,0,0,0,0,1,ItemÇWÇPÇTÅB
816,Item816,0,255,0,0,0,0,0,0,1,ItemÇWÇPÇUÅB
817,Item817,0,255,0,0,0,0,0,0,1,ItemÇWÇPÇVÅB
818,Item818,0,255,0,0,0,0,0,0,1,ItemÇWÇPÇWÅB
819,Item819,0,255,0,0,0,0,0,0,1,ItemÇWÇPÇXÅB
820,Item820,0,255,0,0,0,0,0,0,1,ItemÇWÇQÇOÅB
821,Item821,0,255,0,0,0,0,0,0,1,ItemÇWÇQÇPÅB
822,Item822,0,255,0,0,0,0,0,0,1,ItemÇWÇQÇQÅB
823,Item823,0,255,0,0,0,0,0,0,1,ItemÇWÇQÇRÅB
824,Item824,0,255,0,0,0,0,0,0,1,ItemÇWÇQÇSÅB
825,Item825,0,255,0,0,0,0,0,0,1,ItemÇWÇQÇTÅB
826,Item826,0,255,0,0,0,0,0,0,1,ItemÇWÇQÇUÅB
827,Item827,0,255,0,0,0,0,0,0,1,ItemÇWÇQÇVÅB
828,Item828,0,255,0,0,0,0,0,0,1,ItemÇWÇQÇWÅB
829,Item829,0,255,0,0,0,0,0,0,1,ItemÇWÇQÇXÅB
830,Item830,0,255,0,0,0,0,0,0,1,ItemÇWÇRÇOÅB
831,Item831,0,255,0,0,0,0,0,0,1,ItemÇWÇRÇPÅB
832,Item832,0,255,0,0,0,0,0,0,1,ItemÇWÇRÇQÅB
833,Item833,0,255,0,0,0,0,0,0,1,ItemÇWÇRÇRÅB
834,Item834,0,255,0,0,0,0,0,0,1,ItemÇWÇRÇSÅB
835,Item835,0,255,0,0,0,0,0,0,1,ItemÇWÇRÇTÅB
836,Item836,0,255,0,0,0,0,0,0,1,ItemÇWÇRÇUÅB
837,Item837,0,255,0,0,0,0,0,0,1,ItemÇWÇRÇVÅB
838,Item838,0,255,0,0,0,0,0,0,1,ItemÇWÇRÇWÅB
839,Item839,0,255,0,0,0,0,0,0,1,ItemÇWÇRÇXÅB
840,Item840,0,255,0,0,0,0,0,0,1,ItemÇWÇSÇOÅB
841,Item841,0,255,0,0,0,0,0,0,1,ItemÇWÇSÇPÅB
842,Item842,0,255,0,0,0,0,0,0,1,ItemÇWÇSÇQÅB
843,Item843,0,255,0,0,0,0,0,0,1,ItemÇWÇSÇRÅB
844,Item844,0,255,0,0,0,0,0,0,1,ItemÇWÇSÇSÅB
845,Item845,0,255,0,0,0,0,0,0,1,ItemÇWÇSÇTÅB
846,Item846,0,255,0,0,0,0,0,0,1,ItemÇWÇSÇUÅB
847,Item847,0,255,0,0,0,0,0,0,1,ItemÇWÇSÇVÅB
848,Item848,0,255,0,0,0,0,0,0,1,ItemÇWÇSÇWÅB
849,Item849,0,255,0,0,0,0,0,0,1,ItemÇWÇSÇXÅB
850,Item850,0,255,0,0,0,0,0,0,1,ItemÇWÇTÇOÅB
851,Item851,0,255,0,0,0,0,0,0,1,ItemÇWÇTÇPÅB
852,Item852,0,255,0,0,0,0,0,0,1,ItemÇWÇTÇQÅB
853,Item853,0,255,0,0,0,0,0,0,1,ItemÇWÇTÇRÅB
854,Item854,0,255,0,0,0,0,0,0,1,ItemÇWÇTÇSÅB
855,Item855,0,255,0,0,0,0,0,0,1,ItemÇWÇTÇTÅB
856,Item856,0,255,0,0,0,0,0,0,1,ItemÇWÇTÇUÅB
857,Item857,0,255,0,0,0,0,0,0,1,ItemÇWÇTÇVÅB
858,Item858,0,255,0,0,0,0,0,0,1,ItemÇWÇTÇWÅB
859,Item859,0,255,0,0,0,0,0,0,1,ItemÇWÇTÇXÅB
860,Item860,0,255,0,0,0,0,0,0,1,ItemÇWÇUÇOÅB
861,Item861,0,255,0,0,0,0,0,0,1,ItemÇWÇUÇPÅB
862,Item862,0,255,0,0,0,0,0,0,1,ItemÇWÇUÇQÅB
863,Item863,0,255,0,0,0,0,0,0,1,ItemÇWÇUÇRÅB
864,Item864,0,255,0,0,0,0,0,0,1,ItemÇWÇUÇSÅB
865,Item865,0,255,0,0,0,0,0,0,1,ItemÇWÇUÇTÅB
866,Item866,0,255,0,0,0,0,0,0,1,ItemÇWÇUÇUÅB
867,Item867,0,255,0,0,0,0,0,0,1,ItemÇWÇUÇVÅB
868,Item868,0,255,0,0,0,0,0,0,1,ItemÇWÇUÇWÅB
869,Item869,0,255,0,0,0,0,0,0,1,ItemÇWÇUÇXÅB
870,Item870,0,255,0,0,0,0,0,0,1,ItemÇWÇVÇOÅB
871,Item871,0,255,0,0,0,0,0,0,1,ItemÇWÇVÇPÅB
872,Item872,0,255,0,0,0,0,0,0,1,ItemÇWÇVÇQÅB
873,Item873,0,255,0,0,0,0,0,0,1,ItemÇWÇVÇRÅB
874,Item874,0,255,0,0,0,0,0,0,1,ItemÇWÇVÇSÅB
875,Item875,0,255,0,0,0,0,0,0,1,ItemÇWÇVÇTÅB
876,Item876,0,255,0,0,0,0,0,0,1,ItemÇWÇVÇUÅB
877,Item877,0,255,0,0,0,0,0,0,1,ItemÇWÇVÇVÅB
878,Item878,0,255,0,0,0,0,0,0,1,ItemÇWÇVÇWÅB
879,Item879,0,255,0,0,0,0,0,0,1,ItemÇWÇVÇXÅB
880,Item880,0,255,0,0,0,0,0,0,1,ItemÇWÇWÇOÅB
881,Item881,0,255,0,0,0,0,0,0,1,ItemÇWÇWÇPÅB
882,Item882,0,255,0,0,0,0,0,0,1,ItemÇWÇWÇQÅB
883,Item883,0,255,0,0,0,0,0,0,1,ItemÇWÇWÇRÅB
884,Item884,0,255,0,0,0,0,0,0,1,ItemÇWÇWÇSÅB
885,Item885,0,255,0,0,0,0,0,0,1,ItemÇWÇWÇTÅB
886,Item886,0,255,0,0,0,0,0,0,1,ItemÇWÇWÇUÅB
887,Item887,0,255,0,0,0,0,0,0,1,ItemÇWÇWÇVÅB
888,Item888,0,255,0,0,0,0,0,0,1,ItemÇWÇWÇWÅB
889,Item889,0,255,0,0,0,0,0,0,1,ItemÇWÇWÇXÅB
890,Item890,0,255,0,0,0,0,0,0,1,ItemÇWÇXÇOÅB
891,Item891,0,255,0,0,0,0,0,0,1,ItemÇWÇXÇPÅB
892,Item892,0,255,0,0,0,0,0,0,1,ItemÇWÇXÇQÅB
893,Item893,0,255,0,0,0,0,0,0,1,ItemÇWÇXÇRÅB
894,Item894,0,255,0,0,0,0,0,0,1,ItemÇWÇXÇSÅB
895,Item895,0,255,0,0,0,0,0,0,1,ItemÇWÇXÇTÅB
896,Item896,0,255,0,0,0,0,0,0,1,ItemÇWÇXÇUÅB
897,Item897,0,255,0,0,0,0,0,0,1,ItemÇWÇXÇVÅB
898,Item898,0,255,0,0,0,0,0,0,1,ItemÇWÇXÇWÅB
899,Item899,0,255,0,0,0,0,0,0,1,ItemÇWÇXÇXÅB
900,Item900,0,255,0,0,0,0,0,0,1,ItemÇXÇOÇOÅB
901,Item901,0,255,0,0,0,0,0,0,1,ItemÇXÇOÇPÅB
902,Item902,0,255,0,0,0,0,0,0,1,ItemÇXÇOÇQÅB
903,Item903,0,255,0,0,0,0,0,0,1,ItemÇXÇOÇRÅB
904,Item904,0,255,0,0,0,0,0,0,1,ItemÇXÇOÇSÅB
905,Item905,0,255,0,0,0,0,0,0,1,ItemÇXÇOÇTÅB
906,Item906,0,255,0,0,0,0,0,0,1,ItemÇXÇOÇUÅB
907,Item907,0,255,0,0,0,0,0,0,1,ItemÇXÇOÇVÅB
908,Item908,0,255,0,0,0,0,0,0,1,ItemÇXÇOÇWÅB
909,Item909,0,255,0,0,0,0,0,0,1,ItemÇXÇOÇXÅB
910,Item910,0,255,0,0,0,0,0,0,1,ItemÇXÇPÇOÅB
911,Item911,0,255,0,0,0,0,0,0,1,ItemÇXÇPÇPÅB
912,Item912,0,255,0,0,0,0,0,0,1,ItemÇXÇPÇQÅB
913,Item913,0,255,0,0,0,0,0,0,1,ItemÇXÇPÇRÅB
914,Item914,0,255,0,0,0,0,0,0,1,ItemÇXÇPÇSÅB
915,Item915,0,255,0,0,0,0,0,0,1,ItemÇXÇPÇTÅB
916,Item916,0,255,0,0,0,0,0,0,1,ItemÇXÇPÇUÅB
917,Item917,0,255,0,0,0,0,0,0,1,ItemÇXÇPÇVÅB
918,Item918,0,255,0,0,0,0,0,0,1,ItemÇXÇPÇWÅB
919,Item919,0,255,0,0,0,0,0,0,1,ItemÇXÇPÇXÅB
920,Item920,0,255,0,0,0,0,0,0,1,ItemÇXÇQÇOÅB
921,Item921,0,255,0,0,0,0,0,0,1,ItemÇXÇQÇPÅB
922,Item922,0,255,0,0,0,0,0,0,1,ItemÇXÇQÇQÅB
923,Item923,0,255,0,0,0,0,0,0,1,ItemÇXÇQÇRÅB
924,Item924,0,255,0,0,0,0,0,0,1,ItemÇXÇQÇSÅB
925,Item925,0,255,0,0,0,0,0,0,1,ItemÇXÇQÇTÅB
926,Item926,0,255,0,0,0,0,0,0,1,ItemÇXÇQÇUÅB
927,Item927,0,255,0,0,0,0,0,0,1,ItemÇXÇQÇVÅB
928,Item928,0,255,0,0,0,0,0,0,1,ItemÇXÇQÇWÅB
929,Item929,0,255,0,0,0,0,0,0,1,ItemÇXÇQÇXÅB
930,Item930,0,255,0,0,0,0,0,0,1,ItemÇXÇRÇOÅB
931,Item931,0,255,0,0,0,0,0,0,1,ItemÇXÇRÇPÅB
932,Item932,0,255,0,0,0,0,0,0,1,ItemÇXÇRÇQÅB
933,Item933,0,255,0,0,0,0,0,0,1,ItemÇXÇRÇRÅB
934,Item934,0,255,0,0,0,0,0,0,1,ItemÇXÇRÇSÅB
935,Item935,0,255,0,0,0,0,0,0,1,ItemÇXÇRÇTÅB
936,Item936,0,255,0,0,0,0,0,0,1,ItemÇXÇRÇUÅB
937,Item937,0,255,0,0,0,0,0,0,1,ItemÇXÇRÇVÅB
938,Item938,0,255,0,0,0,0,0,0,1,ItemÇXÇRÇWÅB
939,Item939,0,255,0,0,0,0,0,0,1,ItemÇXÇRÇXÅB
940,Item940,0,255,0,0,0,0,0,0,1,ItemÇXÇSÇOÅB
941,Item941,0,255,0,0,0,0,0,0,1,ItemÇXÇSÇPÅB
942,Item942,0,255,0,0,0,0,0,0,1,ItemÇXÇSÇQÅB
943,Item943,0,255,0,0,0,0,0,0,1,ItemÇXÇSÇRÅB
944,Item944,0,255,0,0,0,0,0,0,1,ItemÇXÇSÇSÅB
945,Item945,0,255,0,0,0,0,0,0,1,ItemÇXÇSÇTÅB
946,Item946,0,255,0,0,0,0,0,0,1,ItemÇXÇSÇUÅB
947,Item947,0,255,0,0,0,0,0,0,1,ItemÇXÇSÇVÅB
948,Item948,0,255,0,0,0,0,0,0,1,ItemÇXÇSÇWÅB
949,Item949,0,255,0,0,0,0,0,0,1,ItemÇXÇSÇXÅB
950,Item950,0,255,0,0,0,0,0,0,1,ItemÇXÇTÇOÅB
951,Item951,0,255,0,0,0,0,0,0,1,ItemÇXÇTÇPÅB
952,Item952,0,255,0,0,0,0,0,0,1,ItemÇXÇTÇQÅB
953,Item953,0,255,0,0,0,0,0,0,1,ItemÇXÇTÇRÅB
954,Item954,0,255,0,0,0,0,0,0,1,ItemÇXÇTÇSÅB
955,Item955,0,255,0,0,0,0,0,0,1,ItemÇXÇTÇTÅB
956,Item956,0,255,0,0,0,0,0,0,1,ItemÇXÇTÇUÅB
957,Item957,0,255,0,0,0,0,0,0,1,ItemÇXÇTÇVÅB
958,Item958,0,255,0,0,0,0,0,0,1,ItemÇXÇTÇWÅB
959,Item959,0,255,0,0,0,0,0,0,1,ItemÇXÇTÇXÅB
960,Item960,0,255,0,0,0,0,0,0,1,ItemÇXÇUÇOÅB
961,Item961,0,255,0,0,0,0,0,0,1,ItemÇXÇUÇPÅB
962,Item962,0,255,0,0,0,0,0,0,1,ItemÇXÇUÇQÅB
963,Item963,0,255,0,0,0,0,0,0,1,ItemÇXÇUÇRÅB
964,Item964,0,255,0,0,0,0,0,0,1,ItemÇXÇUÇSÅB
965,Item965,0,255,0,0,0,0,0,0,1,ItemÇXÇUÇTÅB
966,Item966,0,255,0,0,0,0,0,0,1,ItemÇXÇUÇUÅB
967,Item967,0,255,0,0,0,0,0,0,1,ItemÇXÇUÇVÅB
968,Item968,0,255,0,0,0,0,0,0,1,ItemÇXÇUÇWÅB
969,Item969,0,255,0,0,0,0,0,0,1,ItemÇXÇUÇXÅB
970,Item970,0,255,0,0,0,0,0,0,1,ItemÇXÇVÇOÅB
971,Item971,0,255,0,0,0,0,0,0,1,ItemÇXÇVÇPÅB
972,Item972,0,255,0,0,0,0,0,0,1,ItemÇXÇVÇQÅB
973,Item973,0,255,0,0,0,0,0,0,1,ItemÇXÇVÇRÅB
974,Item974,0,255,0,0,0,0,0,0,1,ItemÇXÇVÇSÅB
975,Item975,0,255,0,0,0,0,0,0,1,ItemÇXÇVÇTÅB
976,Item976,0,255,0,0,0,0,0,0,1,ItemÇXÇVÇUÅB
977,Item977,0,255,0,0,0,0,0,0,1,ItemÇXÇVÇVÅB
978,Item978,0,255,0,0,0,0,0,0,1,ItemÇXÇVÇWÅB
979,Item979,0,255,0,0,0,0,0,0,1,ItemÇXÇVÇXÅB
980,Item980,0,255,0,0,0,0,0,0,1,ItemÇXÇWÇOÅB
981,Item981,0,255,0,0,0,0,0,0,1,ItemÇXÇWÇPÅB
982,Item982,0,255,0,0,0,0,0,0,1,ItemÇXÇWÇQÅB
983,Item983,0,255,0,0,0,0,0,0,1,ItemÇXÇWÇRÅB
984,Item984,0,255,0,0,0,0,0,0,1,ItemÇXÇWÇSÅB
985,Item985,0,255,0,0,0,0,0,0,1,ItemÇXÇWÇTÅB
986,Item986,0,255,0,0,0,0,0,0,1,ItemÇXÇWÇUÅB
987,Item987,0,255,0,0,0,0,0,0,1,ItemÇXÇWÇVÅB
988,Item988,0,255,0,0,0,0,0,0,1,ItemÇXÇWÇWÅB
989,Item989,0,255,0,0,0,0,0,0,1,ItemÇXÇWÇXÅB
990,Item990,0,255,0,0,0,0,0,0,1,ItemÇXÇXÇOÅB
991,Item991,0,255,0,0,0,0,0,0,1,ItemÇXÇXÇPÅB
992,Item992,0,255,0,0,0,0,0,0,1,ItemÇXÇXÇQÅB
993,Item993,0,255,0,0,0,0,0,0,1,ItemÇXÇXÇRÅB
994,Item994,0,255,0,0,0,0,0,0,1,ItemÇXÇXÇSÅB
995,Item995,0,255,0,0,0,0,0,0,1,ItemÇXÇXÇTÅB
996,Item996,0,255,0,0,0,0,0,0,1,ItemÇXÇXÇUÅB
997,Item997,0,255,0,0,0,0,0,0,1,ItemÇXÇXÇVÅB
998,Item998,0,255,0,0,0,0,0,0,1,ItemÇXÇXÇWÅB
999,Item999,0,255,0,0,0,0,0,0,1,ItemÇXÇXÇXÅB
1000,Item1000,0,255,0,0,0,0,0,0,1,ItemÇPÇOÇOÇOÅB
1001,Item1001,0,255,0,0,0,0,0,0,1,ItemÇPÇOÇOÇPÅB
1002,Item1002,0,255,0,0,0,0,0,0,1,ItemÇPÇOÇOÇQÅB
1003,Item1003,0,255,0,0,0,0,0,0,1,ItemÇPÇOÇOÇRÅB
1004,Item1004,0,255,0,0,0,0,0,0,1,ItemÇPÇOÇOÇSÅB
1005,Item1005,0,255,0,0,0,0,0,0,1,ItemÇPÇOÇOÇTÅB
1006,Item1006,0,255,0,0,0,0,0,0,1,ItemÇPÇOÇOÇUÅB
1007,Item1007,0,255,0,0,0,0,0,0,1,ItemÇPÇOÇOÇVÅB
1008,Item1008,0,255,0,0,0,0,0,0,1,ItemÇPÇOÇOÇWÅB
1009,Item1009,0,255,0,0,0,0,0,0,1,ItemÇPÇOÇOÇXÅB
1010,Item1010,0,255,0,0,0,0,0,0,1,ItemÇPÇOÇPÇOÅB
1011,Item1011,0,255,0,0,0,0,0,0,1,ItemÇPÇOÇPÇPÅB
1012,Item1012,0,255,0,0,0,0,0,0,1,ItemÇPÇOÇPÇQÅB
1013,Item1013,0,255,0,0,0,0,0,0,1,ItemÇPÇOÇPÇRÅB
1014,Item1014,0,255,0,0,0,0,0,0,1,ItemÇPÇOÇPÇSÅB
1015,Item1015,0,255,0,0,0,0,0,0,1,ItemÇPÇOÇPÇTÅB
1016,Item1016,0,255,0,0,0,0,0,0,1,ItemÇPÇOÇPÇUÅB
1017,Item1017,0,255,0,0,0,0,0,0,1,ItemÇPÇOÇPÇVÅB
1018,Item1018,0,255,0,0,0,0,0,0,1,ItemÇPÇOÇPÇWÅB
1019,Item1019,0,255,0,0,0,0,0,0,1,ItemÇPÇOÇPÇXÅB
1020,Item1020,0,255,0,0,0,0,0,0,1,ItemÇPÇOÇQÇOÅB
1021,Item1021,0,255,0,0,0,0,0,0,1,ItemÇPÇOÇQÇPÅB
1022,Item1022,0,255,0,0,0,0,0,0,1,ItemÇPÇOÇQÇQÅB
1023,Item1023,0,255,0,0,0,0,0,0,1,ItemÇPÇOÇQÇRÅB
